"","record_id","sobbs_1","sobbs_2","sobbs_3","sobbs_4","sobbs_5","sobbs_6","sobbs_7","sobbs_8","sobbs_9","sobbs_10","sobbs_11","sobbs_12","sobbs_13","sobbs_14","isos_1","isos_2","isos_3","isos_4","isos_5","isos_6","isos_7","isos_8","isos_9","isos_10","isos_11","isos_12","isos_13","isos_14","isos_15","mhi_1","mhi_5","mhi_4","mhi_3","mhi_2"
"1",15,4,4,4,4,4,4,4,4,4,3,4,4,3,4,2,4,5,5,2,3,1,4,1,2,1,2,2,3,2,3,3,4,4,5
"2",29,2,4,2,4,2,5,4,4,2,2,1,5,1,5,1,2,4,4,2,3,1,4,3,2,3,3,3,2,2,5,4,2,3,3
"3",38,3,4,3,4,3,4,4,4,3,4,3,4,3,4,3,3,3,3,3,3,2,3,3,3,3,2,3,2,3,5,5,2,2,3
"4",86,2,3,2,3,1,5,3,2,1,1,1,3,1,3,1,2,3,2,1,1,2,2,1,1,1,1,1,1,1,3,5,3,4,6
"5",87,2,5,2,4,2,3,4,4,2,2,3,4,3,4,1,3,4,4,4,1,2,4,1,3,3,1,1,1,1,1,1,6,6,6
"6",95,3,3,1,5,4,5,5,4,2,4,5,4,2,5,1,2,3,4,2,1,1,4,1,1,1,1,1,1,1,4,4,5,2,5
"7",99,2,5,2,4,2,5,5,5,2,4,3,5,3,5,1,1,4,5,3,2,1,4,2,3,2,1,1,1,2,3,4,3,3,3
"8",112,2,4,1,1,1,3,4,4,1,2,2,4,1,4,1,3,4,2,1,1,1,1,1,2,1,1,1,1,1,2,2,5,5,6
"9",115,2,3,1,4,1,5,5,4,1,2,1,3,1,4,1,1,1,1,1,1,1,1,1,1,1,1,1,1,1,4,5,2,2,4
"10",137,1,1,5,1,3,5,1,4,5,5,5,3,5,5,3,1,4,4,2,3,3,2,2,1,2,3,1,3,2,4,6,2,2,3
"11",141,2,4,2,2,2,4,2,5,1,2,1,1,1,5,3,2,2,2,1,2,1,2,1,2,3,1,2,1,1,2,3,3,5,5
"12",168,5,5,5,5,5,5,5,5,4,5,5,5,5,5,1,3,5,5,3,3,1,3,3,2,2,1,1,1,3,4,4,2,2,3
"13",180,2,4,3,4,2,5,5,5,2,2,4,3,2,5,1,1,2,2,1,2,2,2,1,1,1,1,1,2,1,3,3,4,4,5
"14",184,2,4,2,4,1,4,4,4,1,2,3,4,1,4,1,1,3,2,2,1,1,2,1,1,2,2,2,2,2,2,3,4,5,5
"15",191,1,4,1,4,2,5,5,5,1,2,3,4,2,5,2,1,1,1,1,1,1,1,1,1,1,1,2,1,1,3,4,2,3,4
"16",274,4,4,4,4,4,4,4,4,2,4,4,3,2,4,2,1,4,4,3,2,3,3,2,1,3,2,2,2,1,4,4,4,4,5
"17",278,2,5,2,4,1,4,4,5,3,2,2,4,3,5,1,3,3,2,1,1,1,3,2,1,2,3,3,3,2,4,5,2,2,5
"18",303,2,4,2,2,2,4,5,4,2,2,4,4,2,4,1,2,2,2,2,1,2,1,1,1,1,1,1,1,1,3,4,3,4,6
"19",316,2,3,3,4,4,4,4,4,3,3,3,3,3,3,3,2,4,3,3,2,2,2,2,2,2,1,2,1,1,4,4,5,5,5
"20",317,2,4,3,4,2,4,4,4,3,2,2,4,2,4,4,3,4,4,3,3,4,3,3,3,3,3,3,2,3,3,5,3,5,4
"21",318,2,4,1,4,2,4,4,4,3,2,2,3,2,4,2,3,3,3,3,3,2,3,2,2,2,1,2,1,2,3,4,4,4,5
"22",320,2,3,2,4,2,4,4,4,2,2,3,4,1,4,2,2,3,2,2,2,2,3,2,2,2,1,1,1,1,5,4,5,2,2
"23",321,2,4,2,4,1,4,4,4,1,1,2,4,1,4,1,2,3,2,1,2,1,2,1,1,2,1,1,1,1,5,4,2,2,3
"24",324,3,4,2,3,2,5,3,3,2,2,2,2,4,4,1,2,3,4,3,1,1,2,1,1,1,1,1,1,1,1,1,4,5,6
"25",331,2,3,1,3,1,4,4,4,2,2,5,3,1,3,1,3,4,3,2,1,3,3,2,2,1,1,1,1,1,1,2,5,6,6
"26",335,2,5,4,5,5,5,5,5,4,5,5,5,5,5,1,3,4,4,3,2,1,3,4,2,3,2,4,3,2,5,4,2,2,1
"27",341,1,3,1,5,4,5,5,5,3,4,5,5,5,5,1,3,5,3,5,5,1,3,5,3,3,1,5,1,5,6,6,2,1,1
"28",346,2,4,1,4,2,4,4,4,2,4,3,3,2,4,1,3,4,3,3,2,2,3,1,3,2,1,2,1,1,2,3,5,5,6
"29",347,2,5,5,5,5,5,5,5,5,4,2,5,4,5,3,4,4,4,3,2,3,4,2,3,3,2,2,2,2,5,4,3,3,4
"30",349,2,5,4,5,2,5,5,5,3,1,5,5,1,5,1,3,4,4,2,1,1,2,1,1,1,1,1,1,2,2,2,5,6,6
"31",350,3,4,3,5,4,5,5,5,1,4,4,5,5,5,2,3,4,2,2,3,1,2,3,1,3,1,2,1,3,3,5,5,5,6
"32",352,1,2,2,4,1,5,4,4,1,1,4,2,2,4,4,5,4,4,2,4,3,3,4,4,4,2,1,2,3,2,2,4,5,6
"33",354,1,3,1,1,2,1,1,1,3,4,2,1,4,1,3,2,3,3,2,2,2,3,2,2,3,1,2,1,2,2,2,5,6,6
"34",359,2,4,2,4,1,5,4,4,1,1,1,4,1,4,1,3,3,2,2,2,1,3,2,1,2,1,1,1,2,4,5,3,3,6
"35",361,1,3,2,3,2,4,4,3,1,1,1,3,1,3,1,4,4,3,2,1,1,3,3,2,2,1,2,1,2,2,2,4,5,6
"36",365,5,5,5,5,5,5,5,5,5,5,3,5,5,5,4,3,4,4,4,4,3,3,4,2,3,2,4,2,3,3,3,2,2,1
"37",366,3,4,3,5,2,4,4,4,2,3,2,3,3,4,3,3,4,4,4,2,2,3,4,2,3,2,3,2,1,3,5,3,3,5
"38",367,3,4,3,3,2,5,4,3,2,3,4,4,3,4,1,2,3,3,2,1,1,3,1,1,1,1,1,1,1,2,2,3,5,6
"39",373,1,4,2,4,2,4,4,4,2,2,2,3,1,4,1,2,4,3,2,1,1,3,3,2,3,2,1,2,3,2,2,6,5,6
"40",377,1,3,1,2,1,3,3,2,1,1,1,2,1,3,2,1,3,2,2,2,2,2,2,1,2,2,2,2,1,2,2,5,6,6
"41",380,5,3,5,5,3,4,3,4,3,5,4,3,3,4,4,5,5,5,4,3,4,4,4,4,4,3,1,2,4,4,2,1,1,3
"42",383,3,5,3,5,3,5,5,5,3,3,4,4,3,5,1,2,5,3,3,4,2,3,2,3,3,1,2,1,2,5,4,1,2,2
"43",392,1,1,2,3,3,4,2,2,3,3,3,1,3,4,3,1,3,1,1,3,2,1,3,1,2,1,1,1,1,2,3,5,6,6
"44",403,2,3,2,4,4,4,4,4,4,4,4,3,2,4,1,1,1,1,1,3,1,1,3,2,1,1,1,1,1,4,3,5,4,5
"45",425,2,5,1,4,2,5,5,5,2,4,4,5,4,5,1,3,5,5,3,3,3,5,3,4,2,2,3,2,3,5,6,1,2,2
"46",446,3,5,3,5,3,5,5,5,1,3,3,5,5,5,3,3,4,3,4,4,1,4,4,4,4,1,1,1,1,1,1,1,6,6
"47",448,3,5,3,4,3,5,5,5,1,3,3,5,3,5,1,1,4,3,2,1,1,3,2,1,1,1,1,1,1,3,2,5,5,6
"48",462,1,4,3,3,2,4,4,5,2,3,3,4,2,5,1,1,5,5,3,4,1,2,3,2,1,1,2,1,1,5,5,2,1,2
"49",466,2,1,1,4,1,1,1,1,5,1,1,2,5,1,3,3,2,3,1,4,4,1,4,3,4,2,3,1,3,1,1,5,5,6
"50",470,3,3,2,4,3,5,3,2,2,2,3,2,4,1,3,3,3,3,3,4,3,3,4,3,4,2,3,2,4,3,2,5,6,6
"51",472,2,4,2,2,3,5,5,5,2,1,2,4,1,4,2,1,4,3,2,2,2,2,1,1,1,1,2,2,2,5,5,6,3,5
"52",473,2,4,3,4,3,5,4,4,2,2,2,4,3,5,1,1,3,3,2,2,1,3,1,2,2,2,1,2,1,3,3,5,4,6
"53",485,1,3,1,2,1,2,3,4,3,1,3,4,3,4,1,2,3,2,2,2,1,1,1,1,1,1,2,1,2,4,2,5,3,4
"54",487,2,5,1,4,1,5,5,5,1,2,1,5,5,5,1,2,5,5,2,2,1,4,2,2,2,1,2,1,1,2,5,4,5,6
"55",488,2,3,2,3,2,4,3,3,2,2,2,2,2,3,1,3,3,3,2,2,2,3,3,2,2,2,2,2,2,3,3,5,4,5
"56",495,3,4,4,4,2,5,5,4,4,4,4,2,2,4,3,3,4,4,3,2,3,3,2,2,2,2,2,2,2,2,4,3,5,6
"57",496,3,3,3,4,3,5,4,4,3,3,3,4,2,4,2,3,4,4,3,4,2,3,3,2,3,2,3,2,3,4,4,4,4,4
"58",497,3,4,2,3,3,4,4,4,3,4,3,4,2,4,3,3,4,4,4,4,4,4,4,4,4,4,4,4,4,3,3,4,4,5
"59",498,3,3,2,4,3,4,4,4,3,3,2,3,2,3,3,3,3,3,3,2,3,3,2,2,3,2,1,1,1,2,1,3,5,4
"60",506,3,5,2,5,1,5,5,5,1,2,4,5,1,5,3,3,5,5,4,4,3,4,4,4,4,4,4,3,3,4,5,3,3,4
"61",507,2,5,2,5,2,5,5,4,2,3,3,4,2,4,2,3,4,4,2,2,1,3,1,1,3,3,1,2,2,4,4,3,3,4
"62",509,2,4,1,4,1,4,4,5,2,3,2,4,3,4,2,3,2,3,2,2,3,4,3,3,3,2,3,2,3,2,2,5,5,5
"63",511,2,4,2,4,2,5,4,4,2,3,3,5,3,5,3,3,5,5,4,3,3,3,3,2,2,2,1,2,3,4,4,2,2,2
"64",515,1,3,2,3,1,3,3,3,1,2,1,3,3,3,3,3,3,2,2,3,3,2,3,2,3,2,2,2,3,4,4,4,3,4
"65",517,4,4,1,3,2,4,4,3,1,1,1,1,1,3,2,1,3,2,1,1,1,1,1,1,2,1,1,1,1,2,2,5,4,5
"66",518,1,4,1,5,1,5,5,4,3,1,4,3,1,4,1,2,3,2,1,1,1,2,1,1,1,1,1,1,1,1,1,5,6,6
"67",519,2,5,2,3,1,4,5,5,1,1,1,4,2,5,1,1,3,3,2,1,2,1,1,1,2,1,1,1,1,4,4,4,3,4
"68",527,2,3,2,4,3,5,5,5,1,3,3,5,4,4,2,2,4,3,3,2,3,2,2,1,1,1,1,1,1,2,2,4,5,6
"69",531,3,4,2,3,2,5,4,4,2,4,2,3,4,4,2,2,3,3,2,2,2,3,1,1,2,1,1,1,2,3,2,4,5,6
"70",533,3,2,4,5,2,4,4,4,3,3,3,4,3,4,1,3,3,4,3,3,2,3,3,2,2,3,2,1,2,4,4,5,2,3
"71",538,2,4,1,2,2,5,4,4,1,1,1,2,1,4,1,1,4,3,2,2,2,3,4,1,2,2,3,1,2,5,4,2,4,4
"72",547,2,5,2,1,1,4,4,4,1,1,2,2,1,4,3,1,2,2,2,2,1,1,1,1,1,1,1,1,2,2,5,3,4,6
"73",553,2,4,2,4,2,3,4,4,3,1,2,3,2,2,1,1,2,2,1,1,1,1,1,1,1,2,1,2,1,1,1,6,5,6
"74",554,3,4,2,4,1,5,4,4,4,4,5,4,3,5,2,3,4,4,4,3,2,3,3,4,3,2,3,1,2,3,5,5,3,5
"75",555,3,2,2,3,2,1,3,2,2,3,3,3,2,4,4,5,5,4,4,2,4,4,2,4,4,2,1,2,2,2,2,5,5,6
"76",559,5,5,4,5,4,5,5,5,3,3,5,5,2,5,2,4,5,5,3,4,1,4,5,3,3,2,5,1,2,2,3,5,2,3
"77",575,2,4,2,4,2,4,4,4,2,2,3,4,3,4,1,2,2,2,2,2,1,1,1,1,1,2,1,2,2,3,2,5,5,5
"78",583,3,5,3,5,3,5,5,5,4,5,5,5,2,3,1,1,5,3,1,1,1,1,1,1,1,1,1,1,1,2,5,4,4,4
"79",660,2,4,4,2,1,4,5,5,2,2,2,4,2,5,1,2,3,3,3,2,1,3,2,2,2,2,2,2,3,5,5,2,3,4
"80",691,3,4,3,4,3,5,5,5,4,2,3,4,2,5,4,4,5,4,3,3,3,4,3,3,3,3,2,3,3,4,4,6,4,6
"81",742,3,5,2,3,2,5,4,4,3,4,4,5,2,4,2,1,4,2,1,1,2,1,1,1,1,1,1,1,1,3,4,3,5,5
"82",781,1,5,1,3,1,5,5,5,1,1,1,5,1,5,3,1,5,5,5,3,3,5,2,2,2,1,2,1,2,4,5,2,1,2
"83",783,3,2,1,2,3,3,4,2,2,4,4,2,3,3,1,1,4,3,1,1,1,2,1,1,1,1,1,1,1,3,4,3,4,6
"84",898,3,4,2,3,1,5,5,4,2,2,2,4,2,4,1,2,3,3,1,2,1,2,2,1,2,1,1,2,3,4,4,3,3,4
"85",942,4,5,3,5,3,5,5,5,2,2,3,4,2,4,2,1,4,4,2,1,2,3,1,1,1,1,1,1,1,5,5,5,3,4
"86",974,4,5,3,2,2,5,5,4,3,2,3,5,3,5,1,1,4,2,1,1,1,4,3,1,1,1,1,1,1,4,5,4,3,5
"87",997,2,4,1,4,2,5,4,4,1,4,2,4,1,5,1,1,4,3,1,1,2,1,1,1,1,1,1,1,1,4,4,3,3,5
"88",7,3,4,2,5,1,4,4,4,1,1,1,4,2,5,2,2,4,4,3,3,2,3,2,2,3,1,2,1,2,2,4,3,4,6
"89",9,2,4,1,2,1,4,2,2,1,3,2,4,2,4,1,2,3,2,2,3,2,2,2,3,2,3,3,3,2,3,3,5,5,6
"90",12,3,5,4,5,3,5,5,5,2,2,2,5,2,5,1,4,5,5,4,5,1,5,4,5,4,2,2,2,2,5,5,1,2,2
"91",23,1,1,1,1,1,3,3,2,1,1,2,1,1,1,3,4,3,4,3,3,3,3,3,2,2,2,2,2,2,4,4,3,4,5
"92",24,2,4,3,4,2,4,4,4,2,3,2,4,4,4,3,4,4,2,2,2,3,2,2,1,2,2,2,1,1,3,3,5,4,4
"93",25,2,3,2,4,3,4,4,4,1,3,2,3,1,3,2,1,2,3,1,3,1,2,1,2,1,1,1,1,2,5,4,4,2,2
"94",27,1,4,1,4,1,5,4,4,1,2,1,5,1,4,1,3,4,3,3,2,1,3,1,2,1,3,3,2,2,3,5,1,4,5
"95",30,2,4,2,3,1,4,5,4,1,1,1,4,1,4,3,1,4,4,3,3,3,4,2,2,2,2,1,2,1,3,3,4,4,5
"96",32,2,2,2,4,2,4,4,4,2,2,2,4,2,2,1,2,3,3,1,1,1,1,1,1,1,1,1,1,1,4,4,3,3,3
"97",33,1,4,1,4,3,5,5,5,4,2,3,4,2,4,2,3,3,3,2,2,1,2,1,1,2,2,2,2,2,2,2,4,5,6
"98",42,2,4,1,1,1,4,4,1,1,1,1,1,1,4,1,1,3,3,1,3,1,3,3,1,1,1,3,1,1,4,4,2,2,4
"99",44,1,3,4,4,2,2,4,1,1,1,1,4,1,5,2,1,1,1,1,1,1,1,1,1,3,1,1,1,1,2,3,4,6,6
"100",45,1,4,2,5,2,4,5,5,3,2,2,4,1,4,2,3,5,5,2,1,2,3,1,3,1,2,2,2,1,3,4,3,4,5
"101",46,2,4,2,4,2,5,5,4,2,2,2,5,4,5,2,3,5,4,3,2,2,3,2,2,3,1,3,1,2,5,5,4,2,2
"102",49,2,1,3,4,2,4,4,4,2,1,4,3,1,5,1,1,2,1,1,1,1,1,1,1,1,2,1,1,1,4,3,1,4,5
"103",51,2,4,2,4,1,4,5,4,1,2,2,3,2,4,4,3,5,5,4,4,4,4,4,4,4,3,3,2,3,3,3,2,3,4
"104",54,1,4,1,4,1,5,4,4,1,2,1,4,1,4,2,1,3,3,1,2,1,3,2,2,2,1,1,1,2,4,5,4,2,3
"105",56,2,2,2,2,2,2,2,2,1,1,1,1,1,1,1,1,2,1,1,1,1,1,1,1,1,1,1,1,1,2,2,6,6,6
"106",58,1,3,2,5,1,5,4,3,2,3,2,3,3,4,1,1,3,3,3,2,3,4,3,2,2,2,1,2,1,3,4,4,5,5
"107",60,2,4,2,5,2,4,4,5,3,4,2,4,4,4,1,4,5,4,4,3,2,4,3,5,2,4,5,4,4,5,4,3,2,1
"108",67,3,5,4,5,2,5,5,5,2,1,3,4,3,5,1,5,5,5,4,5,1,5,4,4,4,3,2,1,3,5,6,3,1,2
"109",68,1,4,1,1,1,2,1,1,1,2,1,1,1,2,1,1,2,1,1,1,1,1,1,1,1,1,1,1,1,2,2,6,5,6
"110",69,3,5,5,5,4,4,4,4,2,2,2,4,2,5,2,1,4,3,3,3,2,3,3,1,1,2,2,1,2,4,3,1,4,5
"111",70,1,2,2,5,1,4,5,5,1,1,1,5,2,5,1,2,4,4,4,3,1,3,3,1,3,2,2,1,3,3,3,5,3,5
"112",79,4,4,4,4,5,3,4,4,4,2,3,4,3,4,3,3,4,2,2,1,3,3,2,1,1,1,1,1,2,3,3,4,4,5
"113",80,1,5,3,5,1,5,5,5,2,2,2,5,2,5,1,1,5,5,1,1,1,3,1,1,1,1,1,1,3,6,5,1,1,1
"114",81,3,4,2,2,2,3,4,2,2,2,2,2,2,3,1,1,2,2,1,2,1,2,1,1,1,2,1,2,1,4,4,3,3,3
"115",90,1,5,1,1,1,4,4,4,5,1,1,1,1,4,1,1,1,3,1,1,2,1,1,1,1,2,1,1,1,5,5,1,2,2
"116",102,1,4,1,1,1,4,4,3,1,1,1,4,1,4,2,1,4,2,1,2,1,3,2,1,1,3,1,3,3,3,4,4,4,5
"117",103,1,4,2,4,2,5,4,4,1,1,1,4,1,4,4,1,4,3,3,3,3,3,3,2,3,3,3,2,3,2,2,5,5,5
"118",109,2,4,1,1,2,4,4,4,1,1,2,5,1,4,1,3,3,3,2,1,3,3,1,2,1,1,1,1,1,4,4,3,3,4
"119",131,3,5,3,5,2,5,5,5,1,2,5,5,1,5,2,3,4,5,3,1,4,5,1,2,1,1,2,1,1,5,6,3,2,3
"120",138,1,4,4,4,2,4,4,4,4,1,2,4,2,5,1,4,4,3,2,2,1,3,2,1,1,1,3,1,1,4,4,1,4,4
"121",143,1,4,2,4,1,5,4,4,1,1,1,1,1,5,1,2,2,2,1,3,1,1,1,1,1,2,1,2,1,5,5,2,1,3
"122",147,1,5,3,3,4,4,5,5,3,4,3,4,4,5,1,1,2,1,1,1,1,1,1,1,1,1,1,1,2,4,2,3,2,5
"123",149,4,5,4,5,2,5,5,5,1,2,2,5,1,4,1,1,3,1,1,1,1,1,1,1,1,1,1,1,1,4,6,5,4,3
"124",156,3,4,2,4,2,5,5,5,1,1,2,4,2,5,2,3,5,2,2,4,2,1,5,2,2,2,1,1,3,4,5,2,3,6
"125",157,3,5,3,4,3,5,5,5,3,4,3,5,3,5,2,2,4,3,3,3,1,3,3,2,2,1,3,1,3,4,5,4,2,3
"126",158,1,4,2,3,2,4,4,4,2,3,2,4,2,4,1,1,3,2,2,1,1,2,1,1,1,1,1,2,2,5,5,3,3,4
"127",159,2,4,3,5,1,5,5,5,1,1,4,4,3,5,1,1,4,2,1,2,1,1,2,1,2,2,1,2,2,6,6,2,1,1
"128",164,1,5,2,5,4,5,5,5,1,1,1,4,1,5,1,4,4,4,2,1,1,4,2,2,1,2,1,3,1,3,4,2,4,5
"129",173,1,5,2,4,2,5,5,5,2,2,2,4,2,5,1,2,3,3,1,1,1,1,1,2,1,2,2,2,1,4,4,2,2,3
"130",175,2,2,2,4,2,4,4,2,2,2,2,4,2,4,2,2,4,3,3,2,2,3,3,2,2,3,2,2,3,3,3,4,4,6
"131",177,1,4,1,5,1,4,5,4,3,3,2,4,1,4,1,1,2,2,1,2,1,1,2,1,1,2,1,1,1,1,2,3,5,6
"132",181,4,5,4,5,4,5,5,5,4,4,4,4,2,4,1,1,4,5,2,1,1,4,3,1,2,1,1,1,1,5,5,2,1,2
"133",186,2,4,1,2,1,4,4,4,2,2,1,4,1,4,1,1,3,3,1,1,1,1,1,1,1,2,1,1,2,5,5,2,2,3
"134",189,1,2,1,1,2,5,5,4,5,2,1,5,3,5,5,4,5,5,4,5,4,5,5,5,5,2,5,5,5,5,3,1,2,3
"135",192,3,4,4,5,2,5,4,4,3,2,3,4,3,4,1,2,5,4,4,2,1,3,2,1,1,2,2,2,2,3,4,3,3,3
"136",194,4,4,4,5,2,4,4,4,4,3,4,4,1,3,2,1,2,3,1,1,1,2,1,1,4,1,1,1,1,2,2,6,4,5
"137",195,3,4,2,5,2,4,4,4,2,4,2,2,3,5,1,1,3,3,1,1,1,1,1,1,1,1,1,1,1,3,4,2,3,5
"138",196,3,4,2,2,2,2,2,3,1,4,1,4,2,5,1,1,4,2,1,3,1,1,3,1,3,3,3,3,1,5,5,2,2,3
"139",197,1,1,1,1,1,4,1,1,1,1,1,1,1,1,1,1,1,1,1,1,1,1,1,1,1,2,1,1,1,2,2,5,4,5
"140",198,2,5,4,4,4,4,4,4,4,4,3,4,3,4,2,2,2,2,2,2,2,2,1,1,1,2,1,2,1,3,3,2,3,4
"141",199,1,4,1,3,1,4,4,2,1,4,1,3,1,4,2,2,3,3,2,2,2,2,2,1,1,2,1,2,1,2,3,6,5,5
"142",201,1,3,1,4,2,4,4,4,1,1,1,2,1,3,1,3,3,3,1,1,1,3,1,2,1,1,1,1,1,2,2,4,4,5
"143",203,1,5,1,2,1,4,4,4,1,1,1,4,1,4,1,1,3,1,1,1,1,1,1,1,1,1,2,1,1,5,4,1,3,3
"144",204,2,3,2,2,2,3,3,2,3,2,2,3,2,3,1,1,2,2,1,1,1,1,1,1,1,2,1,1,2,4,4,4,4,5
"145",205,1,3,2,5,1,4,5,5,1,1,1,4,1,4,1,1,2,2,1,1,1,2,1,1,1,1,1,1,1,4,4,3,3,5
"146",206,3,5,3,5,2,5,5,5,3,5,2,5,3,5,1,2,5,3,2,1,1,1,1,1,1,1,1,1,1,5,4,5,3,4
"147",207,1,5,3,5,3,5,5,5,2,1,3,5,2,5,2,4,5,4,3,4,3,4,4,3,4,4,4,3,4,4,5,2,4,6
"148",209,2,5,2,5,1,5,5,5,1,2,2,4,1,5,2,2,5,3,3,2,2,4,1,2,1,2,3,2,1,5,5,1,1,3
"149",210,1,4,3,2,1,5,3,4,1,1,1,3,1,5,3,2,4,3,1,3,2,3,2,1,2,3,3,1,1,5,5,2,2,2
"150",211,2,5,1,5,1,5,5,5,2,2,4,5,1,5,2,3,4,4,3,3,2,4,2,2,2,2,2,2,2,4,5,1,2,3
"151",213,1,3,1,2,1,4,3,3,1,1,2,2,1,2,2,2,2,2,1,1,2,2,1,1,1,1,2,1,2,2,2,5,5,5
"152",214,1,4,2,4,1,4,5,4,1,2,2,4,2,4,1,1,3,3,1,2,1,1,2,1,2,2,2,2,2,3,3,3,4,5
"153",219,1,4,2,5,2,5,5,5,2,2,2,5,1,5,2,3,4,4,2,2,2,3,2,2,3,4,3,3,3,3,5,2,4,5
"154",221,3,4,4,5,2,4,4,4,2,2,2,4,2,3,4,2,3,3,3,3,4,2,2,2,2,1,2,1,1,2,4,4,4,5
"155",224,1,1,1,5,1,5,5,5,2,1,1,5,1,5,1,5,5,4,4,5,1,5,5,3,5,2,1,2,1,4,5,1,1,1
"156",226,5,5,2,5,4,5,5,5,2,3,2,5,2,5,1,2,1,4,1,1,1,3,1,1,1,1,1,1,1,5,5,1,1,1
"157",227,2,4,2,4,2,4,4,4,3,3,3,4,4,3,2,1,3,3,2,2,1,2,3,2,2,2,1,1,2,3,3,3,4,5
"158",229,2,4,2,5,2,4,4,4,2,2,3,1,1,3,1,1,4,3,1,2,1,1,2,1,1,2,3,1,1,3,4,4,4,5
"159",232,2,5,4,5,2,5,5,5,1,3,4,5,5,5,1,1,4,4,2,1,1,1,1,1,1,2,2,2,1,4,2,5,5,6
"160",234,1,4,1,4,2,3,4,4,1,2,2,2,2,2,1,1,2,2,1,1,1,2,1,1,1,1,1,1,1,2,2,4,5,6
"161",237,1,1,1,3,1,1,1,1,1,1,1,1,1,1,1,1,3,2,2,1,1,2,2,1,1,1,1,1,2,5,6,1,2,2
"162",239,2,4,2,4,2,4,4,2,1,2,1,3,1,4,1,1,1,1,1,1,2,1,1,1,1,1,2,1,1,5,3,5,2,3
"163",269,3,2,3,4,3,4,4,3,1,4,4,4,4,4,1,1,3,1,2,1,1,1,1,1,1,3,1,3,1,5,4,3,2,3
"164",272,1,5,2,4,1,4,4,4,1,1,2,4,2,3,1,1,1,1,1,1,1,1,1,1,1,1,1,1,1,2,3,4,5,5
"165",277,2,3,2,3,1,4,3,4,1,1,2,3,1,4,1,1,2,2,1,1,1,1,1,1,1,1,1,1,1,4,5,2,2,3
"166",281,3,5,4,5,2,4,5,5,2,2,2,4,1,4,2,2,3,3,3,1,2,3,2,2,2,4,4,4,2,4,5,3,2,3
"167",282,3,2,3,2,1,2,4,2,1,1,2,4,1,1,1,1,2,1,1,1,1,1,1,1,1,1,1,1,1,2,3,4,4,5
"168",287,5,5,3,5,3,5,5,5,3,4,4,4,2,4,1,1,4,3,2,1,1,3,1,2,1,2,2,1,1,5,5,1,2,3
"169",288,3,4,5,5,4,5,5,5,3,4,2,5,2,5,2,4,5,5,3,2,2,4,2,3,1,1,1,2,2,4,5,1,2,4
"170",292,1,5,2,5,2,5,5,5,1,4,1,5,3,5,1,1,3,2,1,1,1,1,1,2,2,1,1,1,1,2,3,5,4,6
"171",293,2,4,2,4,2,4,4,4,2,2,2,4,1,4,1,1,3,2,1,1,1,2,1,1,1,1,1,1,1,5,4,2,3,4
"172",294,3,5,2,4,1,4,5,4,1,4,3,3,2,4,3,1,2,2,2,3,2,3,1,1,2,3,2,1,3,4,4,3,4,5
"173",296,2,3,3,4,2,4,4,2,2,3,2,2,1,1,1,1,1,1,1,1,1,1,1,1,1,1,1,1,1,3,3,4,4,5
"174",301,2,3,2,3,2,4,4,3,2,3,2,3,3,4,1,1,3,3,2,3,1,1,2,1,1,1,2,1,2,4,5,5,4,6
"175",302,4,4,4,5,4,5,5,5,3,5,5,5,4,5,2,3,4,2,2,2,1,3,2,2,2,1,2,1,1,5,5,2,2,2
"176",308,2,3,4,4,4,5,4,4,4,2,4,4,4,4,1,1,3,1,1,1,1,1,1,1,1,2,2,1,1,4,5,4,3,2
"177",311,1,4,2,4,3,4,4,4,1,2,2,1,1,4,2,1,2,2,2,1,1,2,1,1,1,2,1,1,1,2,3,5,5,6
"178",312,2,2,2,3,2,2,2,2,2,1,2,2,1,3,2,1,3,3,1,2,2,3,2,2,1,2,2,2,2,3,4,5,4,5
"179",326,2,5,3,4,2,4,4,4,2,2,3,4,2,4,1,2,4,3,3,3,2,3,3,3,2,1,1,1,1,2,2,4,4,4
"180",328,3,5,3,5,3,5,5,5,3,4,4,5,3,5,2,3,4,3,2,2,2,3,1,2,2,2,3,2,2,5,6,2,2,3
"181",338,1,5,2,1,1,4,4,5,2,2,3,4,2,5,1,3,5,5,3,1,1,2,1,1,2,1,3,1,1,4,4,1,3,4
"182",342,2,3,1,3,1,4,4,3,1,2,1,2,1,4,2,1,3,4,3,1,2,3,1,1,1,2,2,2,1,3,2,4,4,5
"183",353,3,3,3,3,3,3,3,3,3,3,3,3,3,3,1,1,1,1,1,1,1,1,1,1,1,1,1,1,1,3,4,3,3,5
"184",355,3,2,2,2,2,2,2,2,3,3,3,4,4,3,3,1,1,1,1,1,1,1,1,1,1,1,1,1,2,1,1,6,5,6
"185",372,3,2,2,2,2,4,4,4,1,2,2,3,2,2,2,5,5,5,5,5,3,5,4,5,3,2,4,2,5,4,6,1,4,5
"186",375,4,5,4,5,3,5,5,5,3,3,4,4,5,5,3,2,5,4,4,3,3,5,5,5,5,5,5,5,5,2,3,1,4,5
"187",390,1,5,3,5,2,5,5,5,5,4,5,3,3,5,4,5,5,5,5,5,5,5,5,5,3,3,4,4,3,5,6,2,2,2
"188",391,2,5,2,4,2,5,5,5,1,2,4,5,4,5,1,1,2,2,2,2,1,2,2,2,1,2,1,2,2,4,3,2,4,5
"189",398,1,1,1,1,1,5,4,4,1,1,1,1,1,4,3,1,2,3,1,1,2,1,2,1,2,3,2,3,1,4,4,3,2,4
"190",401,2,4,2,4,2,4,4,4,2,4,2,3,4,4,2,3,3,3,2,2,1,3,2,2,2,3,2,2,1,5,4,1,4,4
"191",405,1,5,1,5,1,4,5,1,1,1,1,1,1,1,1,1,1,1,1,1,1,1,1,1,1,1,1,1,1,6,6,1,1,1
"192",407,1,3,1,3,1,4,4,3,1,1,1,4,2,3,3,1,3,3,3,3,1,3,3,2,2,2,1,1,1,4,5,3,5,6
"193",408,2,2,2,2,3,3,3,3,1,2,3,3,2,2,3,3,3,3,3,3,3,3,3,3,3,2,1,2,2,4,5,2,4,4
"194",411,1,3,1,5,5,5,5,5,5,4,4,5,4,5,4,4,4,4,4,5,5,5,5,5,5,4,5,4,4,4,4,3,5,3
"195",414,2,5,3,5,2,4,4,4,2,3,2,4,2,4,1,1,3,3,1,1,1,2,1,1,1,1,1,1,1,3,3,5,5,5
"196",416,1,5,1,5,2,4,5,4,2,2,2,4,2,4,2,2,3,2,2,2,1,1,2,1,1,1,3,1,3,4,3,3,2,4
"197",417,2,4,1,3,1,5,4,4,2,2,1,2,3,5,2,1,4,3,2,2,3,2,1,2,2,2,1,1,2,3,4,2,5,6
"198",418,1,2,3,3,2,4,4,4,2,3,2,4,3,4,1,1,2,1,1,3,1,1,2,1,1,2,1,1,1,4,5,2,3,3
"199",420,1,1,5,1,1,1,5,1,1,5,1,1,1,1,3,1,5,5,1,1,4,5,1,1,4,3,3,3,3,1,1,6,6,6
"200",424,1,4,4,5,4,5,5,5,5,1,4,5,4,5,3,4,4,5,4,2,2,4,3,3,4,4,3,2,2,4,4,2,3,3
"201",429,1,4,2,4,2,4,4,4,2,2,2,4,4,2,2,2,4,4,3,3,2,2,2,2,2,1,1,1,2,4,3,3,2,5
"202",431,3,5,2,4,4,5,5,5,3,5,5,5,5,5,1,4,5,5,3,2,1,4,3,3,3,3,4,4,2,5,5,2,1,3
"203",432,2,5,4,5,2,4,4,5,1,1,4,5,1,4,1,4,5,4,4,4,2,4,3,2,1,2,3,2,2,3,4,1,3,3
"204",434,2,5,3,5,2,5,5,5,3,2,2,4,1,5,1,4,4,3,2,2,1,3,2,2,2,2,2,2,2,4,5,3,3,4
"205",438,1,5,2,5,4,5,5,5,5,3,4,5,5,4,1,3,5,4,4,3,1,4,4,3,4,3,1,3,3,5,5,3,2,2
"206",440,1,4,5,2,2,3,4,4,2,2,2,3,1,3,1,1,2,1,1,1,1,2,1,1,1,1,1,1,1,2,2,5,5,6
"207",444,1,4,2,5,1,5,5,5,1,1,1,5,1,5,2,4,4,4,3,2,2,3,4,3,2,1,3,1,3,3,4,1,3,5
"208",449,2,4,3,4,1,5,5,5,1,1,2,4,1,5,2,2,3,3,2,3,2,2,3,2,1,2,2,1,2,4,4,3,4,5
"209",450,1,4,2,5,1,3,5,5,2,1,2,3,1,4,4,4,5,5,4,3,3,3,3,3,3,2,1,2,3,2,3,4,5,5
"210",454,2,4,2,4,2,4,4,4,2,2,3,4,2,4,1,3,3,3,3,2,1,3,2,2,2,3,3,2,2,3,4,4,5,5
"211",456,2,4,2,3,2,4,4,4,3,1,3,4,2,4,1,1,2,2,2,1,1,2,1,1,1,1,1,1,1,4,4,5,3,4
"212",461,3,5,4,5,3,5,5,5,4,4,3,5,4,5,1,3,4,4,3,2,1,3,1,1,1,2,1,1,1,5,4,4,3,5
"213",465,2,4,2,5,3,5,5,5,3,3,3,4,3,5,3,3,3,2,2,2,2,3,2,2,2,1,1,1,2,4,4,2,3,4
"214",467,2,5,3,4,3,5,5,5,4,2,4,5,3,4,3,2,2,3,2,1,2,2,1,1,1,1,1,1,1,4,3,3,4,4
"215",474,1,4,2,3,1,4,4,3,1,4,2,4,1,4,1,4,4,3,2,2,1,2,1,2,2,3,4,1,2,2,3,5,5,6
"216",476,3,4,2,2,2,4,4,4,3,3,3,4,2,3,1,1,2,1,1,1,1,2,1,1,1,1,1,1,1,2,3,4,5,5
"217",524,2,4,3,4,3,4,4,3,3,3,2,4,3,4,1,1,2,2,1,2,1,2,1,1,1,2,2,2,2,5,4,3,3,5
"218",539,2,4,3,4,3,4,4,5,3,3,2,4,3,5,3,3,5,5,3,2,2,3,2,2,3,3,2,2,2,4,5,2,3,4
"219",564,2,5,2,5,1,5,4,4,1,2,2,4,2,5,2,3,3,3,2,3,2,3,2,1,2,3,2,2,2,5,4,2,2,3
"220",566,1,1,1,2,1,4,1,2,1,1,1,2,1,1,1,1,2,2,1,1,2,2,1,1,1,1,1,1,1,5,5,3,4,4
"221",571,5,5,4,5,3,5,5,5,5,5,5,5,4,5,2,3,5,5,5,2,3,5,2,5,2,2,2,2,2,5,6,1,2,4
"222",582,1,5,2,5,4,4,5,5,2,1,2,4,1,5,1,1,4,2,1,1,1,1,1,1,1,1,1,1,1,2,3,5,5,6
"223",586,2,5,2,5,4,5,5,5,1,1,2,4,1,5,3,4,5,5,4,4,2,3,3,3,3,3,4,4,4,3,4,3,3,3
"224",587,1,5,2,3,1,4,4,4,2,3,2,4,1,4,1,1,2,2,2,1,1,2,1,1,2,1,1,1,2,4,4,3,2,5
"225",591,2,1,4,5,2,5,5,1,1,1,5,5,1,1,2,1,5,1,1,1,1,1,1,1,1,1,1,1,1,3,3,5,4,5
"226",595,4,5,3,4,2,4,2,4,1,1,1,5,2,4,1,2,3,2,2,3,2,2,2,2,2,1,2,1,2,2,4,2,5,6
"227",597,1,5,3,5,4,5,5,5,4,5,3,4,5,5,3,5,4,5,5,4,2,3,3,5,2,2,2,2,4,3,3,4,4,5
"228",598,5,5,5,5,4,5,5,5,3,3,4,5,4,5,2,4,4,4,4,4,2,4,3,3,3,2,2,2,2,3,4,1,5,5
"229",601,2,4,2,4,1,3,4,3,1,1,2,2,2,4,2,3,4,4,3,2,3,3,2,3,2,2,3,2,3,3,3,3,5,5
"230",603,4,5,4,5,3,5,5,5,2,4,3,5,3,5,1,3,4,3,3,3,1,3,3,3,2,2,2,2,2,4,4,3,3,4
"231",610,1,5,1,3,2,4,5,5,1,2,2,5,2,5,2,5,5,5,5,3,3,5,3,5,3,2,2,2,1,2,3,4,5,6
"232",614,3,5,4,4,3,5,5,5,2,4,3,4,4,5,1,2,3,3,1,3,4,2,3,1,1,3,2,3,2,5,5,1,2,3
"233",619,3,1,3,4,2,5,4,3,2,2,2,4,2,3,2,2,1,1,1,1,3,2,2,2,1,2,1,1,2,3,4,3,3,4
"234",622,1,3,1,1,1,5,5,5,1,2,1,4,1,4,1,3,4,3,3,1,1,3,1,3,1,2,1,1,1,4,4,4,3,3
"235",623,2,4,2,4,1,5,4,4,2,2,2,4,2,4,2,3,3,4,3,3,2,3,4,3,2,2,1,1,2,3,4,4,4,6
"236",624,4,4,3,5,2,4,4,4,2,4,4,3,2,2,2,2,4,4,4,3,1,4,4,4,4,2,3,2,4,2,3,4,5,6
"237",625,2,5,3,4,2,5,5,5,4,4,4,2,3,5,3,5,5,5,5,4,3,5,3,5,3,3,4,4,4,5,5,1,1,1
"238",626,2,4,2,3,1,4,4,4,2,2,2,3,1,3,2,3,4,3,2,3,1,3,3,2,2,3,3,3,2,3,4,4,3,4
"239",641,4,4,3,5,3,4,5,5,2,4,3,4,3,4,1,1,1,1,1,1,1,1,1,1,1,1,1,1,1,4,4,3,2,3
"240",648,2,4,1,3,2,5,4,4,2,2,2,4,1,3,4,5,5,4,5,5,4,4,4,3,4,3,4,3,4,5,6,2,3,3
"241",649,1,5,1,4,1,2,5,5,1,1,1,1,1,5,1,1,3,3,1,1,1,3,1,1,1,1,1,4,1,2,3,3,3,6
"242",655,2,4,2,5,2,5,4,4,3,3,5,4,2,4,1,1,4,3,3,1,1,2,1,1,1,1,2,1,2,2,3,4,5,6
"243",656,2,4,1,4,1,4,4,4,1,1,1,3,1,4,3,2,2,2,2,2,3,2,2,2,2,2,1,1,1,3,4,5,5,5
"244",658,4,5,3,5,3,5,5,5,3,5,2,5,4,5,4,4,4,5,5,4,3,4,3,3,2,3,4,2,4,5,5,2,2,3
"245",663,4,4,4,4,3,5,4,4,2,1,3,4,2,4,1,1,4,4,3,3,1,3,3,2,3,3,3,3,3,4,5,2,3,4
"246",667,4,4,4,4,1,5,5,5,1,4,3,4,4,5,1,1,3,3,3,2,1,3,2,2,2,3,2,3,2,3,3,4,3,5
"247",668,2,5,1,4,1,5,5,5,1,2,2,5,3,5,2,3,4,5,2,2,3,2,2,2,2,2,3,2,1,4,4,2,3,4
"248",670,2,4,2,2,2,4,4,4,2,2,2,4,2,4,2,3,3,4,4,3,2,3,3,3,2,2,1,2,2,4,3,4,4,4
"249",674,2,4,2,4,2,4,4,4,2,3,2,3,2,4,2,4,4,4,3,4,2,4,4,2,4,4,2,4,3,5,5,2,2,3
"250",675,1,4,2,4,1,5,5,5,1,1,1,5,1,5,2,2,4,4,4,4,2,4,5,3,4,3,3,3,4,6,5,1,1,1
"251",680,1,2,3,4,2,4,4,3,1,2,2,3,1,3,1,2,3,3,2,2,2,3,1,2,1,1,1,1,1,5,5,4,3,3
"252",684,3,2,2,2,2,2,2,3,2,1,2,4,2,2,3,3,4,4,3,2,2,3,2,2,2,3,3,2,2,2,3,4,5,5
"253",693,2,4,2,5,2,5,4,4,1,2,4,4,2,4,1,1,4,4,1,1,2,3,1,1,1,1,2,1,1,3,4,2,4,5
"254",694,5,5,2,4,1,5,5,5,1,4,2,3,1,5,1,1,2,2,1,1,1,1,1,1,1,1,1,1,1,2,3,3,4,5
"255",701,2,5,2,5,2,5,5,5,2,2,2,4,2,5,3,3,4,4,2,3,3,3,2,2,2,3,2,2,2,3,5,2,4,6
"256",705,2,4,4,5,2,4,5,5,1,2,2,4,2,5,2,1,4,3,1,1,2,2,2,2,1,1,1,1,3,4,4,3,2,3
"257",706,2,2,2,2,1,4,3,2,2,1,1,2,1,1,3,3,4,4,3,3,2,2,4,1,2,2,4,2,2,5,6,2,2,2
"258",708,3,5,5,5,4,5,5,5,2,1,3,5,2,5,1,2,5,2,1,1,1,3,1,1,1,1,1,1,1,4,5,1,2,3
"259",715,3,4,2,4,3,5,5,5,4,3,2,4,2,5,1,3,4,3,1,1,1,1,1,1,1,2,1,1,1,2,4,4,3,5
"260",721,3,5,3,5,3,5,5,5,1,3,2,5,2,5,2,3,4,3,2,1,1,3,1,2,1,2,2,3,1,5,5,2,2,2
"261",725,1,5,3,5,4,5,5,5,5,2,3,5,5,5,3,3,4,4,4,4,3,4,3,4,3,4,4,3,3,4,5,1,2,2
"262",731,2,5,2,5,2,5,5,5,5,4,1,5,4,5,2,1,3,2,1,2,2,1,1,1,1,2,1,2,1,4,4,3,5,4
"263",740,2,4,2,4,2,4,4,4,2,2,3,4,3,5,2,3,4,4,3,3,1,3,2,2,2,3,3,3,3,3,4,4,5,5
"264",744,2,2,3,4,2,4,4,4,3,1,2,2,1,1,1,2,4,4,1,4,1,2,3,2,2,3,3,2,2,3,3,4,4,6
"265",749,2,4,2,4,2,5,4,4,4,2,2,4,2,4,2,3,4,3,3,4,2,3,3,2,3,4,3,2,2,5,4,3,3,4
"266",754,2,4,2,4,2,4,4,4,2,4,2,4,2,4,1,1,3,2,1,1,2,1,1,1,1,1,2,1,1,4,2,5,3,4
"267",772,4,5,4,4,2,5,5,5,3,2,2,4,1,5,2,3,3,3,2,2,2,3,2,2,2,2,3,1,1,5,4,2,2,3
"268",784,3,4,3,4,2,4,5,4,2,3,3,5,2,3,1,1,3,1,1,1,1,1,1,1,2,1,3,1,1,5,4,4,4,5
"269",785,2,3,3,4,3,2,3,1,2,3,2,3,1,3,2,3,3,2,3,3,3,2,2,1,2,2,1,2,3,4,5,5,4,5
"270",791,1,4,2,5,3,5,5,4,2,2,2,4,2,5,1,1,2,2,1,1,1,2,1,1,1,1,1,1,1,2,3,3,3,4
"271",795,1,4,2,3,2,3,5,5,1,1,1,3,1,4,1,2,5,4,3,3,1,3,3,1,3,3,3,3,4,5,5,1,1,2
"272",798,2,4,2,4,3,4,4,3,2,2,2,3,2,4,1,1,3,2,1,1,1,1,1,1,1,2,1,2,1,5,5,2,1,2
"273",802,2,4,3,4,1,4,4,4,2,3,2,4,3,4,3,1,3,3,2,3,2,3,3,2,2,3,1,1,2,6,6,1,1,1
"274",804,2,5,3,5,2,5,5,5,1,1,2,4,1,5,1,3,5,4,3,4,1,3,4,2,4,1,1,1,2,4,4,3,3,5
"275",813,1,5,3,5,1,5,5,5,1,1,1,4,1,3,1,3,4,4,1,2,1,3,2,1,2,2,1,2,2,3,3,1,4,6
"276",815,4,5,4,5,5,5,5,5,4,5,5,5,3,5,1,2,3,4,2,1,2,2,1,1,1,2,1,2,2,3,3,3,4,4
"277",817,1,4,2,4,1,5,4,4,1,1,1,4,1,5,2,3,4,3,2,3,2,3,2,2,2,3,2,2,2,2,3,3,5,6
"278",818,1,4,2,4,2,2,4,4,2,1,1,4,1,2,1,1,3,2,1,1,1,1,1,1,1,2,1,1,1,4,5,4,3,4
"279",822,2,5,3,4,2,5,5,5,2,2,4,5,2,5,2,4,5,5,4,3,1,4,4,3,3,2,2,2,2,4,5,2,2,2
"280",826,2,5,3,5,2,4,5,5,2,3,4,5,2,5,1,2,4,3,1,1,1,1,1,1,1,2,2,2,1,5,5,3,2,4
"281",827,4,5,4,5,2,5,5,5,2,1,4,5,1,5,1,1,3,2,1,1,1,2,2,1,1,1,3,1,1,4,3,4,2,5
"282",830,2,4,2,4,2,4,3,4,2,2,2,3,3,4,1,3,4,4,3,3,2,3,3,2,3,2,3,3,2,4,5,3,3,4
"283",838,1,1,1,4,1,2,4,2,1,1,1,5,1,2,2,3,4,3,2,3,2,3,3,1,2,2,2,2,1,3,5,3,3,4
"284",839,1,3,1,3,2,4,4,4,3,1,2,2,1,4,2,2,4,4,3,2,1,2,1,1,2,2,3,1,3,2,3,4,5,5
"285",844,1,5,3,5,2,5,5,5,4,3,4,5,4,5,2,1,4,2,2,2,2,1,1,1,1,1,1,1,2,5,5,1,1,2
"286",845,2,3,1,3,1,2,4,3,1,1,2,3,1,3,1,2,3,2,1,1,1,2,1,1,1,2,1,1,1,2,2,4,5,5
"287",848,2,4,2,4,2,4,4,4,2,2,2,4,3,4,1,1,3,3,2,2,1,4,2,4,2,2,3,3,2,4,5,2,3,4
"288",853,1,4,2,4,2,5,5,5,2,2,1,3,2,4,1,1,3,4,2,2,2,1,1,1,1,2,1,1,1,5,5,2,2,2
"289",856,2,3,2,4,2,4,4,3,2,1,2,3,2,4,2,2,3,3,2,2,1,2,1,1,1,2,2,2,1,3,3,6,4,4
"290",864,1,3,2,3,2,3,2,3,3,1,1,2,2,4,2,3,4,4,4,3,1,3,1,2,2,1,1,1,2,3,3,4,5,6
"291",865,1,1,1,1,1,5,1,1,1,1,1,1,1,1,1,4,5,5,2,4,1,4,1,1,1,2,2,1,1,1,2,5,5,6
"292",871,1,4,2,4,1,4,2,1,1,1,1,2,1,1,1,2,3,2,1,1,1,3,1,1,1,1,1,1,1,2,3,3,5,6
"293",873,2,5,3,5,3,5,5,5,2,2,2,5,1,5,1,4,4,5,2,3,1,4,4,2,3,3,5,1,1,5,6,2,1,2
"294",874,2,4,2,5,3,5,5,5,2,2,2,5,2,5,1,2,3,3,2,1,1,2,1,1,1,1,1,1,1,3,3,2,3,4
"295",875,2,5,2,5,1,5,5,5,1,2,1,4,1,5,3,2,4,4,1,2,3,2,3,1,3,1,2,1,1,2,2,5,4,5
"296",876,4,4,4,3,3,5,3,3,3,4,4,4,2,4,3,2,4,4,2,3,3,2,2,2,2,2,2,1,3,3,3,4,4,5
"297",877,3,4,2,5,1,5,5,5,1,2,1,4,1,5,2,2,4,3,2,2,3,2,1,1,2,1,2,1,1,4,4,4,3,5
"298",878,1,4,2,4,1,5,4,4,1,2,2,4,1,5,2,2,4,4,2,2,2,3,1,1,1,2,2,2,2,2,4,3,5,5
"299",879,2,5,1,1,1,5,2,5,1,3,3,4,1,5,1,2,4,4,2,1,1,4,1,2,1,3,1,2,3,4,4,2,2,3
"300",881,2,4,2,3,1,4,3,2,1,1,1,1,1,3,1,2,4,3,1,1,1,2,1,1,1,1,1,1,1,4,2,5,3,5
"301",883,2,5,3,5,2,5,5,5,2,3,4,4,3,5,1,2,5,5,2,1,1,2,1,1,1,1,1,1,1,4,3,5,4,6
"302",888,1,2,1,1,1,1,1,1,1,1,1,4,1,1,1,1,2,1,1,1,1,1,1,1,1,1,1,1,1,1,1,5,6,6
"303",890,2,4,4,4,3,5,4,5,3,3,3,5,2,5,2,3,4,3,2,5,2,2,2,2,2,3,2,2,3,5,5,2,2,3
"304",891,3,5,4,4,2,5,5,5,2,2,3,5,5,5,3,2,5,5,4,5,2,4,3,2,5,3,3,2,3,5,4,2,1,2
"305",896,1,5,2,4,2,5,5,5,1,3,1,5,1,5,1,5,5,5,4,2,1,5,2,3,1,2,2,2,2,5,6,1,1,2
"306",906,2,5,2,2,2,5,5,5,2,4,3,5,4,5,1,1,5,5,3,2,1,2,2,1,1,3,2,3,2,4,5,1,2,3
"307",907,1,1,1,4,1,4,4,1,1,1,1,1,1,1,1,1,1,1,1,1,1,1,1,1,1,1,1,1,1,2,2,5,5,5
"308",909,2,4,3,3,2,5,4,4,1,2,2,2,2,5,1,1,1,2,2,1,1,2,2,2,2,2,1,2,1,3,4,2,2,3
"309",910,4,4,3,4,2,5,4,4,2,4,2,4,4,4,1,3,4,4,4,2,2,3,2,3,2,3,3,3,2,4,6,1,3,3
"310",911,2,4,1,4,1,5,4,1,1,1,1,4,4,5,1,1,3,3,1,1,1,1,1,2,1,1,1,1,1,2,3,5,5,5
"311",919,5,2,5,4,5,5,4,3,5,5,2,5,4,5,1,1,1,3,1,1,2,1,1,1,1,1,1,1,1,4,4,2,3,5
"312",922,3,4,3,4,3,2,3,2,3,4,4,4,4,3,1,1,3,1,2,1,2,1,1,1,1,2,1,1,1,3,6,5,3,2
"313",927,1,5,3,2,1,4,4,4,1,3,2,4,4,5,1,1,2,1,1,2,2,1,1,1,1,1,1,1,1,3,4,2,3,4
"314",935,3,4,3,4,3,4,4,4,3,2,3,4,3,5,1,1,4,3,2,3,1,2,3,1,2,1,3,1,2,5,6,2,1,3
"315",936,1,4,1,3,1,3,2,1,2,1,1,2,1,1,1,1,1,2,1,1,1,1,1,1,1,1,1,1,1,2,3,5,5,6
"316",937,2,4,2,4,3,5,4,4,3,3,2,4,2,4,1,1,2,2,1,1,1,1,1,1,1,1,2,1,1,3,4,4,3,5
"317",945,2,3,2,4,2,3,2,2,3,2,2,3,3,3,1,2,4,3,2,1,1,4,3,1,1,1,1,1,2,2,3,3,5,5
"318",946,2,5,3,5,3,5,5,5,3,3,5,5,1,5,1,3,3,3,2,2,2,2,2,1,1,1,1,1,1,4,6,2,3,5
"319",965,1,3,4,4,2,5,5,5,1,1,4,5,4,5,2,3,4,3,3,2,3,3,3,4,2,2,3,2,2,3,2,3,1,1
"320",971,1,5,1,4,1,4,4,4,1,1,1,4,1,4,1,1,3,3,1,2,3,3,2,1,2,2,2,2,1,4,5,1,3,4
"321",978,2,5,3,5,2,4,5,5,1,1,4,5,1,5,1,2,5,5,2,2,1,1,1,1,2,2,2,1,1,3,5,3,4,5
"322",982,2,4,2,4,3,4,4,4,3,3,3,4,3,4,3,1,3,4,2,2,2,2,2,3,2,2,2,2,2,3,3,3,4,5
"323",993,1,4,1,2,2,4,4,5,1,3,2,4,2,4,2,3,3,3,2,3,1,2,1,2,1,2,3,2,3,4,3,1,2,4
"324",6,3,4,2,5,1,5,5,4,2,3,4,4,4,4,3,4,5,4,4,3,3,4,3,2,2,3,3,2,3,4,5,2,3,5
"325",10,2,4,1,4,2,5,4,4,2,1,2,4,2,1,3,2,4,3,2,2,2,3,2,2,2,2,1,1,1,5,4,3,3,5
"326",11,2,3,2,4,1,5,4,3,3,1,3,5,2,5,2,2,4,3,2,2,2,3,1,1,2,2,2,2,2,2,3,4,5,6
"327",13,2,5,2,4,2,4,4,4,2,1,2,4,2,4,1,1,3,2,1,1,1,1,1,1,1,1,1,1,1,4,6,2,4,5
"328",16,2,3,2,4,2,3,5,4,2,3,3,3,4,4,3,2,3,3,2,3,2,3,2,2,2,2,2,2,2,4,5,3,3,4
"329",19,2,3,2,4,2,2,3,2,1,2,2,3,2,2,1,2,2,2,1,1,1,2,1,1,1,1,1,1,1,5,5,4,4,4
"330",26,1,4,1,4,1,3,4,4,1,1,1,4,1,3,2,4,4,4,2,2,2,3,1,2,1,2,2,2,1,3,4,2,3,5
"331",31,1,1,1,2,1,1,1,1,1,1,1,2,1,1,1,3,4,4,1,1,2,3,1,3,1,2,1,1,1,2,4,2,6,6
"332",55,3,4,3,3,2,5,4,4,2,3,2,4,2,4,3,3,4,5,4,4,3,4,4,3,2,2,2,2,3,4,4,3,2,2
"333",62,2,4,2,2,2,2,2,2,2,2,1,2,2,2,3,2,4,4,3,3,3,4,3,1,2,3,2,2,3,5,5,3,2,4
"334",64,2,4,2,2,1,5,4,4,1,4,1,4,4,4,1,3,4,4,3,3,1,3,3,2,3,3,3,3,3,3,3,2,2,4
"335",71,3,5,3,3,2,4,3,3,1,3,2,4,3,3,2,1,2,2,1,2,2,2,1,1,1,2,1,2,2,2,2,4,5,6
"336",72,1,2,2,2,2,2,2,2,3,1,2,2,1,1,2,3,3,3,3,3,1,3,1,3,2,4,3,1,1,5,5,3,3,4
"337",73,3,5,3,5,3,5,5,5,2,1,3,5,4,5,1,1,3,2,1,2,1,1,1,2,1,3,2,2,1,3,5,4,2,2
"338",74,1,4,2,5,2,5,5,5,2,1,3,5,3,5,2,5,4,3,5,3,3,4,3,2,3,3,4,2,4,5,6,3,3,4
"339",82,2,4,2,3,1,4,4,4,1,2,1,4,1,2,2,3,4,4,3,2,2,2,2,2,2,2,2,1,2,2,3,4,4,5
"340",83,2,4,2,4,2,4,4,4,2,1,2,4,2,3,2,2,2,3,3,3,1,3,3,2,2,3,3,3,3,3,4,3,4,5
"341",88,2,4,1,3,1,2,4,4,1,4,1,4,1,3,3,3,4,3,3,4,4,4,4,3,3,4,5,3,4,3,4,4,4,6
"342",89,3,4,2,3,2,4,4,4,3,2,2,4,2,4,2,3,4,4,4,4,2,3,4,2,3,2,2,2,2,3,4,3,4,4
"343",96,2,4,4,5,3,5,5,5,4,2,2,5,3,5,5,5,5,5,4,5,4,5,5,5,5,4,4,4,5,6,6,3,2,2
"344",97,1,4,2,3,2,5,5,5,2,2,2,5,2,4,3,5,5,4,4,3,4,5,3,4,3,4,4,2,2,4,4,1,3,3
"345",98,1,3,2,3,1,4,5,5,1,1,1,4,1,4,3,3,5,4,3,3,3,4,2,3,2,3,3,3,3,4,5,2,2,3
"346",100,1,5,2,4,2,5,5,5,1,3,1,5,1,5,1,3,4,3,3,2,1,2,2,2,2,1,1,1,1,3,2,5,5,6
"347",101,3,4,2,4,2,5,5,4,2,2,2,4,2,4,2,3,4,4,3,3,4,3,3,3,4,2,3,2,3,3,4,3,4,5
"348",106,2,4,2,4,3,5,4,4,2,3,2,4,2,5,2,3,4,4,3,2,2,3,2,2,1,2,2,1,1,5,5,2,3,3
"349",108,2,4,2,2,2,4,4,4,2,2,1,4,1,5,2,4,5,5,3,3,2,4,2,3,1,3,2,1,2,3,4,1,5,5
"350",113,1,5,1,4,1,5,5,5,2,1,1,4,1,5,1,3,4,4,2,1,1,3,1,3,1,1,1,1,1,2,4,3,5,5
"351",114,2,4,2,4,2,5,5,5,4,4,4,4,2,4,1,4,3,2,2,1,2,4,1,4,1,2,2,1,2,4,3,2,3,6
"352",116,2,4,2,4,3,5,5,4,2,2,4,4,2,4,1,1,3,3,1,1,1,2,1,1,1,1,1,1,1,4,4,3,4,5
"353",119,4,5,3,4,4,5,5,4,3,2,2,3,1,4,2,1,2,1,1,2,1,1,1,1,1,2,1,2,1,4,5,5,4,6
"354",120,2,3,4,4,5,5,5,5,2,2,3,4,1,5,2,3,4,4,3,3,2,3,2,3,1,1,1,1,1,3,3,4,4,4
"355",123,1,5,1,1,1,5,4,4,1,1,1,4,1,4,3,4,4,4,4,4,3,4,2,4,3,3,3,3,3,4,4,3,3,4
"356",126,1,5,2,5,2,5,5,5,2,1,2,5,2,5,2,4,4,4,3,2,1,3,2,3,3,1,2,1,3,6,6,3,1,2
"357",128,3,5,3,5,2,5,5,5,2,4,2,5,1,4,1,3,5,4,3,3,1,3,2,2,3,2,4,1,1,3,3,4,5,5
"358",129,2,4,2,4,2,4,4,4,3,2,4,4,2,4,1,2,2,4,3,2,1,3,2,2,1,1,1,1,1,3,4,4,4,4
"359",132,4,5,3,4,2,5,5,5,4,1,2,4,2,5,4,4,4,3,3,4,4,4,4,3,4,4,4,4,4,4,4,5,5,6
"360",133,5,5,3,5,1,4,5,5,2,3,5,5,4,5,1,2,3,3,3,4,3,2,2,2,2,3,2,2,1,4,4,2,2,3
"361",134,4,5,4,5,2,5,5,5,2,3,2,5,2,5,3,1,4,4,4,3,3,3,3,1,3,2,5,2,1,4,4,2,2,4
"362",135,3,2,1,3,2,5,5,5,3,3,4,4,2,4,1,2,3,3,1,3,1,3,2,2,2,2,1,1,1,5,5,2,1,4
"363",142,1,5,1,5,1,5,5,5,1,1,3,4,1,5,2,1,4,3,2,2,1,3,2,2,1,3,2,1,2,2,2,6,5,6
"364",145,4,5,4,4,2,5,4,5,1,1,2,4,3,5,4,3,3,3,3,3,3,4,3,2,2,3,3,3,3,5,4,2,3,4
"365",146,4,5,4,3,4,5,4,4,3,4,4,4,4,4,2,2,4,4,3,3,2,3,2,2,3,3,3,3,3,5,4,2,2,2
"366",150,1,4,2,3,1,3,4,3,1,1,3,2,1,3,1,1,2,1,1,2,2,1,1,1,2,1,1,1,2,2,3,4,5,5
"367",152,2,5,2,5,2,4,5,5,2,3,2,4,2,4,2,1,3,3,2,2,2,2,2,2,2,1,1,1,2,4,4,4,5,5
"368",153,1,5,3,4,4,5,5,5,4,1,5,4,1,5,1,1,3,1,1,1,1,1,1,1,1,1,2,1,1,5,5,2,2,2
"369",160,2,5,3,4,2,5,5,5,1,1,2,4,2,5,2,3,3,4,2,2,1,2,2,2,3,2,2,2,2,5,5,2,1,2
"370",162,2,5,4,4,1,4,4,4,1,4,3,4,3,5,1,3,4,2,1,2,1,1,2,1,1,1,1,1,1,5,5,2,2,2
"371",166,2,1,1,4,2,4,5,5,1,1,2,5,3,4,3,1,5,5,4,3,3,3,1,1,1,1,1,1,1,5,5,3,2,2
"372",167,3,5,1,5,1,5,5,4,1,1,1,4,1,5,1,1,5,2,1,1,1,1,1,1,1,1,1,1,1,2,2,3,4,5
"373",171,5,5,5,5,5,5,5,5,5,5,5,5,5,5,1,1,1,1,1,1,1,1,1,1,1,1,1,1,1,5,6,1,1,1
"374",176,2,4,2,2,1,4,4,4,1,1,2,4,1,1,1,1,3,3,2,1,1,2,1,1,1,1,1,1,1,2,4,3,5,6
"375",179,3,5,5,4,4,5,5,5,2,4,3,4,3,5,2,2,4,4,3,1,1,4,2,4,1,2,2,1,2,5,3,3,2,3
"376",182,2,3,2,5,2,4,5,5,1,3,4,4,3,5,3,3,4,5,4,2,1,3,2,2,3,1,2,1,3,2,4,5,5,6
"377",183,2,5,2,5,1,5,5,5,1,2,3,4,1,5,1,1,5,1,1,1,1,1,1,1,1,1,1,1,1,3,5,4,5,6
"378",185,1,3,1,3,3,4,4,4,1,1,3,4,2,4,2,3,3,3,3,2,3,3,2,3,2,3,3,3,3,6,4,2,2,3
"379",188,2,4,1,4,1,5,4,4,1,3,4,4,2,5,1,2,3,3,3,4,1,3,3,3,3,1,2,1,3,5,5,2,2,2
"380",190,2,4,2,4,3,5,4,3,2,4,2,3,1,1,3,3,4,4,3,3,3,2,2,2,2,2,3,2,2,2,3,4,5,6
"381",200,2,2,2,2,2,2,4,3,1,1,3,1,1,4,1,1,1,1,1,1,2,1,1,1,1,1,1,1,1,4,5,5,4,5
"382",216,1,4,1,4,1,3,4,3,1,1,1,4,1,2,1,3,4,4,4,4,2,4,4,4,4,1,3,1,3,2,2,5,5,6
"383",217,1,4,1,4,2,3,4,1,1,1,1,4,1,1,1,1,2,2,1,1,1,2,1,1,1,1,1,1,1,2,2,4,4,5
"384",223,2,4,2,4,2,4,4,4,2,2,2,4,2,4,2,2,2,2,2,2,2,2,2,2,2,2,2,2,2,4,4,4,4,4
"385",240,1,4,1,2,1,4,4,4,1,2,2,5,2,4,2,4,3,3,3,3,3,3,3,4,4,4,4,2,2,5,5,1,1,1
"386",242,3,2,2,4,2,4,4,3,2,3,2,3,4,4,2,2,3,3,2,2,3,2,1,1,1,2,3,2,2,3,5,2,5,5
"387",245,1,4,1,5,1,4,5,4,1,2,2,4,4,4,1,2,3,3,1,2,1,2,1,2,1,1,1,1,1,3,4,4,4,5
"388",250,2,4,1,4,1,5,5,5,1,2,1,5,4,5,4,2,4,3,3,3,3,4,2,2,3,3,2,2,3,4,5,3,4,6
"389",265,3,5,4,3,1,3,4,3,2,4,3,4,1,1,3,3,4,4,3,2,3,3,2,3,3,2,3,2,2,4,4,5,3,4
"390",273,2,3,2,4,3,4,4,4,4,2,4,3,4,4,1,1,4,3,1,1,1,2,1,1,1,2,2,1,1,3,3,4,5,5
"391",275,4,5,5,5,5,5,4,4,2,4,3,4,3,5,1,1,3,2,1,1,1,1,2,1,1,1,2,1,1,3,3,4,5,6
"392",279,2,5,2,5,2,5,5,5,2,4,4,4,4,5,2,4,5,5,3,2,2,4,1,3,1,1,2,1,1,5,2,1,2,2
"393",280,1,5,3,5,2,5,5,5,1,5,1,5,4,5,1,1,5,5,5,5,5,5,5,1,5,1,5,5,5,5,6,2,3,3
"394",285,2,4,3,4,3,5,5,5,4,3,4,4,3,4,3,3,4,5,3,4,4,4,2,3,2,2,3,2,4,4,4,2,2,3
"395",289,2,5,2,5,1,5,5,5,1,3,5,5,2,5,2,2,4,3,3,2,1,2,2,2,3,1,1,1,2,2,3,5,5,6
"396",295,2,5,1,3,2,5,5,3,2,3,3,5,2,5,1,1,3,3,3,2,1,2,1,1,1,3,1,3,1,2,2,4,4,5
"397",309,2,4,3,4,3,5,5,5,4,4,3,5,3,5,2,2,5,4,2,2,2,3,1,2,1,1,1,2,1,4,5,3,2,2
"398",310,2,4,1,4,1,5,5,5,5,3,2,5,3,3,3,2,4,4,4,2,3,4,2,2,2,3,3,3,2,4,3,3,2,3
"399",313,1,3,2,3,2,4,4,4,1,1,1,2,1,2,1,1,4,3,1,1,1,3,1,1,1,1,1,1,1,3,3,4,5,5
"400",315,1,4,1,3,1,3,2,2,1,1,1,4,3,1,2,3,4,4,3,4,3,2,2,2,3,2,3,2,2,3,3,5,4,6
"401",319,3,5,4,5,3,5,5,5,4,4,4,5,4,5,3,3,5,4,4,4,3,3,4,3,3,2,4,3,3,4,4,2,4,5
"402",322,2,4,1,1,2,5,3,4,1,1,4,4,4,5,3,3,4,4,2,3,3,3,3,2,3,1,3,1,1,3,4,3,5,5
"403",329,2,5,3,4,2,5,5,5,2,1,2,2,2,5,2,1,3,2,1,2,2,1,1,1,1,1,1,1,2,2,4,2,4,5
"404",330,2,4,2,4,1,4,4,2,2,3,2,2,1,3,2,2,3,3,3,2,2,2,2,2,2,1,4,1,1,2,3,4,5,6
"405",332,2,5,2,4,3,5,5,5,2,4,2,5,2,5,3,3,5,5,5,3,1,4,2,2,2,3,3,3,3,4,4,2,3,4
"406",334,2,4,2,5,1,5,5,5,2,2,2,5,3,5,3,3,4,3,2,4,3,2,2,2,2,2,2,2,2,4,4,2,3,4
"407",336,3,5,4,5,3,5,5,5,2,3,3,5,2,5,1,5,5,5,5,5,1,5,5,5,5,2,4,2,4,2,3,4,5,6
"408",348,4,5,3,4,3,5,4,4,4,3,4,3,4,5,1,2,5,3,2,3,1,2,1,1,1,2,2,2,2,5,5,3,1,1
"409",356,2,3,3,4,2,3,3,4,2,2,2,2,3,4,1,4,4,4,2,1,1,4,1,3,1,2,3,1,3,5,4,4,2,2
"410",358,2,4,2,4,2,5,4,3,1,2,2,4,2,4,4,3,3,3,3,4,2,3,4,1,3,3,3,2,2,2,3,3,5,6
"411",360,1,5,1,4,1,5,5,5,1,1,2,4,1,5,1,2,4,5,4,3,3,3,3,2,2,1,3,1,2,3,4,3,3,3
"412",368,4,5,2,5,2,4,4,5,2,3,1,4,2,4,1,1,3,3,2,2,1,3,1,1,1,2,1,2,1,3,3,4,4,5
"413",370,1,2,3,5,3,4,4,4,3,2,3,3,3,4,1,1,3,2,1,1,2,1,1,1,1,1,1,1,1,3,5,2,3,4
"414",379,3,4,4,5,3,5,5,5,2,4,4,5,4,5,1,1,5,2,3,1,1,1,1,1,1,1,4,1,1,5,6,1,2,1
"415",382,4,1,3,3,1,5,4,2,1,4,2,2,1,1,3,3,3,2,2,3,2,2,3,3,3,2,3,1,3,5,5,2,4,6
"416",384,1,4,1,3,1,4,4,4,1,4,1,4,1,4,3,3,4,4,3,3,4,3,3,2,3,2,2,2,2,3,4,5,3,5
"417",385,4,4,4,4,2,5,5,5,3,1,3,4,3,5,2,2,5,4,4,3,2,4,2,1,1,3,3,1,2,5,4,2,2,4
"418",394,3,5,2,4,2,3,4,4,2,1,2,4,1,5,1,2,5,5,3,2,2,2,1,1,1,1,2,2,2,2,4,4,4,5
"419",395,1,2,2,2,3,1,2,2,3,3,1,4,1,5,2,1,2,2,1,2,2,1,1,1,1,2,1,2,1,5,5,1,2,3
"420",400,1,5,1,3,1,4,5,4,1,2,1,4,3,4,5,5,5,5,5,5,5,5,5,5,5,3,2,2,4,3,3,3,3,4
"421",415,2,4,3,4,1,4,3,3,1,1,1,4,1,2,2,3,3,2,2,1,1,2,1,2,2,2,1,2,1,2,3,4,5,6
"422",421,3,4,2,4,2,5,5,4,2,3,2,4,3,4,2,1,1,2,1,3,1,1,3,1,1,2,1,1,1,4,4,3,2,4
"423",426,5,5,4,5,2,5,5,5,4,4,4,4,5,5,2,4,5,5,5,4,1,5,4,3,5,3,2,2,3,3,4,2,5,5
"424",427,2,5,1,5,1,5,5,5,1,4,2,5,3,5,3,2,4,4,4,3,2,4,3,3,2,3,2,2,2,4,6,1,1,2
"425",428,2,4,4,4,2,4,4,4,3,2,2,4,2,4,3,2,3,3,2,2,3,3,2,2,3,3,1,2,2,3,3,2,4,5
"426",430,3,3,2,3,2,4,4,4,2,2,2,4,2,4,3,2,3,3,3,3,2,2,2,2,2,2,4,2,4,4,4,3,3,3
"427",433,2,4,1,4,2,5,4,4,2,2,2,2,1,4,3,4,4,4,3,2,2,5,2,3,2,2,2,2,2,3,5,1,2,3
"428",439,3,5,2,4,3,5,5,5,4,2,2,5,3,4,2,3,5,5,3,2,3,3,3,2,3,3,3,2,2,5,6,1,2,2
"429",443,1,5,1,4,1,4,4,4,1,3,2,4,1,4,1,4,4,4,2,3,1,3,4,3,4,4,1,4,3,4,5,1,2,2
"430",447,4,4,2,4,2,4,4,4,1,4,1,4,2,4,2,2,4,3,2,2,3,2,3,2,2,1,1,1,1,3,5,2,3,3
"431",453,2,4,1,2,1,5,5,5,1,3,1,5,1,4,2,2,4,4,2,4,2,5,1,1,2,3,2,2,1,5,2,4,3,5
"432",458,4,4,4,4,4,4,4,4,4,2,2,4,4,4,2,2,5,3,1,1,1,1,1,1,1,2,2,1,1,4,3,2,1,2
"433",460,3,3,3,3,4,4,4,4,3,2,3,2,3,3,1,1,2,2,2,1,1,2,1,1,1,1,1,1,1,2,2,5,5,4
"434",468,4,5,4,5,4,5,5,3,4,5,4,5,5,5,3,4,5,4,5,5,3,5,4,5,4,5,4,4,4,5,5,1,2,2
"435",469,2,2,2,3,2,5,4,3,1,2,2,3,1,4,1,3,3,4,3,2,1,2,2,2,2,2,2,2,2,2,4,4,6,5
"436",471,2,4,2,2,2,4,4,4,1,1,1,4,1,4,3,5,5,5,5,3,3,4,3,4,4,3,3,2,2,3,4,2,5,6
"437",480,2,4,2,4,2,4,4,3,2,4,2,4,2,4,3,3,3,3,3,4,2,3,4,3,4,3,4,2,4,3,3,2,3,4
"438",482,1,2,2,2,1,4,4,5,1,1,1,2,1,4,3,4,5,5,3,4,2,4,3,3,3,3,3,2,3,5,5,1,1,2
"439",486,4,4,4,4,4,4,4,4,2,2,3,4,4,4,2,3,3,3,3,1,2,3,3,3,2,4,2,3,2,4,4,4,5,5
"440",494,2,4,4,3,2,4,4,4,2,3,2,4,1,4,3,4,5,5,3,3,2,4,3,4,2,3,2,3,3,4,4,5,2,4
"441",508,1,5,5,5,3,5,5,5,2,2,2,1,1,5,1,1,3,1,1,1,1,1,1,1,1,1,1,1,1,3,3,5,5,6
"442",520,1,4,2,4,1,4,5,4,1,1,2,4,2,3,2,3,4,4,3,4,1,4,5,3,4,1,3,1,3,4,5,2,2,3
"443",521,1,1,5,5,5,4,4,4,5,3,5,4,4,4,3,3,5,5,5,4,4,4,4,4,4,3,3,3,3,4,5,1,4,3
"444",523,2,4,2,4,2,4,4,4,1,2,2,3,1,2,2,1,2,1,1,1,1,1,1,1,1,1,1,1,1,2,3,5,5,6
"445",526,2,4,3,5,1,5,5,5,4,2,4,3,3,5,4,4,5,5,4,5,5,4,4,4,3,2,3,2,4,2,2,5,4,5
"446",528,2,5,3,4,1,4,5,5,1,1,2,5,3,5,3,3,5,5,4,4,3,4,3,4,3,2,2,1,3,4,4,1,3,4
"447",536,1,2,1,1,1,1,1,1,1,1,1,1,1,1,3,2,3,3,2,2,3,3,2,2,2,3,3,3,2,4,2,6,4,4
"448",544,1,5,2,5,1,4,5,5,1,1,3,5,2,5,2,1,4,2,1,2,2,3,1,3,1,2,2,2,2,6,6,1,1,2
"449",556,2,2,1,3,3,5,4,5,2,1,1,3,2,4,2,4,4,4,3,3,2,3,2,3,3,5,2,5,2,4,5,2,3,5
"450",560,4,5,4,4,4,5,5,5,4,5,4,5,4,4,3,5,5,5,5,5,3,5,5,4,5,5,5,5,5,2,3,3,4,4
"451",563,3,4,2,4,2,4,5,4,1,1,2,2,2,4,1,2,4,3,2,3,2,3,4,3,3,3,3,2,3,4,3,1,5,5
"452",573,1,4,1,2,1,3,4,4,1,1,1,4,1,4,3,3,4,4,4,4,4,4,3,3,4,2,3,2,3,5,5,2,2,2
"453",576,2,4,3,5,4,4,5,5,2,2,1,3,1,4,2,1,1,1,1,3,2,1,1,2,1,2,1,2,1,5,4,3,3,5
"454",578,2,5,2,5,2,4,4,4,2,4,2,5,2,4,3,3,4,3,3,3,3,3,3,3,3,3,3,2,2,4,4,3,3,5
"455",589,1,4,2,5,1,5,5,5,1,1,1,5,1,3,3,2,5,4,2,3,3,3,3,2,2,2,3,2,3,2,2,4,5,6
"456",594,2,3,3,1,2,2,2,2,3,1,2,2,2,2,2,3,4,4,2,3,1,2,3,3,3,2,2,2,2,5,6,1,1,1
"457",596,1,2,1,1,1,1,3,3,1,1,2,4,2,1,2,1,2,1,1,2,2,1,1,1,1,1,3,1,1,5,5,1,3,2
"458",600,1,3,1,3,1,4,3,2,1,1,2,3,1,2,2,2,4,3,2,2,2,2,2,2,2,3,2,3,2,3,3,4,4,5
"459",604,1,4,2,3,5,3,4,4,1,1,2,3,1,4,3,2,3,2,2,3,3,2,3,2,2,1,1,1,2,4,3,4,2,3
"460",608,3,5,3,5,2,5,5,5,2,2,2,5,2,5,4,4,5,4,4,3,5,4,3,4,3,3,3,3,3,4,5,2,3,4
"461",609,3,4,3,4,2,4,4,4,2,4,4,4,2,4,2,1,4,2,1,3,1,3,2,2,3,2,3,1,3,4,5,2,2,5
"462",612,2,1,3,4,2,3,4,2,2,2,2,4,1,3,3,2,3,3,3,2,1,2,2,2,2,2,3,1,2,3,5,4,4,5
"463",613,2,5,1,5,2,5,5,5,4,1,5,5,2,5,2,2,4,4,4,3,1,3,3,1,1,3,2,2,2,5,4,2,2,3
"464",615,3,4,4,4,2,2,5,4,4,5,2,4,4,1,1,2,4,3,1,1,2,2,1,1,1,1,1,1,1,2,3,3,5,5
"465",616,1,2,1,3,1,3,2,3,1,1,1,2,1,1,3,3,4,3,2,2,3,3,2,2,2,3,3,3,3,2,3,5,5,6
"466",618,2,4,3,4,3,4,4,4,2,4,3,4,4,4,1,4,4,4,3,4,1,3,3,3,3,2,2,1,2,3,4,2,4,5
"467",621,4,4,2,4,1,5,5,5,3,5,2,4,4,5,3,2,5,5,4,4,3,4,3,2,3,2,4,1,3,4,3,2,4,5
"468",630,2,4,1,4,2,4,4,3,2,2,2,4,2,2,1,2,2,2,2,3,1,2,2,1,2,1,1,1,1,4,4,3,3,4
"469",631,2,5,2,5,1,5,5,5,3,3,3,4,1,5,1,1,3,2,1,1,1,1,1,1,1,3,3,2,1,5,5,2,3,3
"470",634,4,4,5,4,3,5,5,5,2,5,4,5,5,5,2,2,4,4,3,3,1,2,3,1,3,2,2,1,3,5,5,3,2,3
"471",637,3,4,2,5,4,2,4,4,5,2,3,3,5,4,1,1,4,4,3,1,1,3,1,1,1,1,1,1,1,4,4,3,3,6
"472",639,3,4,4,4,4,5,5,5,4,4,4,4,5,5,1,1,2,3,3,3,1,3,1,2,2,2,2,2,2,6,6,2,1,1
"473",642,2,5,3,4,3,4,5,5,2,3,4,4,2,5,2,3,4,3,2,2,2,3,4,2,2,2,1,2,1,4,5,2,3,2
"474",643,3,2,2,4,3,5,5,5,4,2,3,5,2,5,2,3,5,3,2,2,3,3,3,2,2,4,3,3,3,5,4,1,2,2
"475",647,1,5,1,1,1,5,4,4,1,1,2,4,1,5,2,3,4,4,3,3,2,3,3,3,3,2,4,3,3,4,5,3,2,3
"476",650,4,1,2,4,2,4,4,2,2,4,2,1,1,5,1,1,3,3,1,2,1,2,2,1,1,1,2,1,1,2,3,2,4,4
"477",669,2,4,2,4,2,4,4,4,1,1,1,4,2,5,3,4,5,4,3,3,3,3,3,3,2,3,3,1,4,3,4,3,4,4
"478",676,2,2,1,4,2,5,5,5,2,3,2,4,3,4,3,4,5,5,3,2,1,3,1,2,1,3,1,1,2,5,5,1,2,4
"479",677,1,4,2,4,1,5,4,4,1,3,1,5,1,4,2,4,4,4,3,3,5,4,2,3,2,3,2,2,2,3,4,4,5,5
"480",678,1,5,2,4,1,4,5,5,1,1,1,4,1,5,2,1,3,3,2,2,2,1,1,1,1,1,2,1,1,2,3,2,4,5
"481",681,2,1,2,5,3,2,5,4,3,4,3,4,5,4,4,4,4,4,4,2,5,3,2,3,1,2,2,2,1,2,3,5,4,4
"482",682,2,5,2,3,2,3,4,4,1,1,2,4,1,5,2,1,4,2,1,1,3,2,1,1,2,1,1,1,1,3,4,1,5,6
"483",683,1,4,1,4,1,4,4,4,1,1,1,4,1,4,2,3,5,5,5,2,2,4,2,3,2,3,2,2,2,3,3,2,2,5
"484",685,3,4,3,5,2,4,4,4,2,2,2,2,2,4,1,4,4,4,4,2,1,3,2,3,1,1,2,1,1,5,5,3,2,2
"485",687,1,3,2,4,1,3,4,3,2,2,3,2,1,2,3,2,5,4,3,3,3,2,2,2,1,2,2,2,2,5,4,3,4,5
"486",688,2,5,3,5,2,5,5,5,2,4,2,5,4,5,2,3,5,4,2,3,2,2,2,3,3,5,3,3,2,6,5,4,1,3
"487",689,2,5,2,4,2,5,4,3,3,1,2,5,1,5,3,1,4,4,3,3,2,3,3,2,2,2,2,2,3,2,4,4,5,6
"488",690,4,5,4,5,3,4,4,4,2,4,4,2,3,4,3,1,5,5,5,3,1,3,3,3,2,2,2,2,4,4,5,2,2,2
"489",692,3,4,2,4,1,2,4,4,2,3,3,4,5,5,4,4,4,4,2,2,3,4,3,2,3,2,3,2,2,2,4,2,5,6
"490",695,1,1,1,4,1,2,4,2,1,1,1,1,1,2,1,2,3,2,1,2,1,2,2,1,1,1,1,1,1,3,2,4,4,5
"491",698,3,5,2,4,2,5,5,4,2,3,2,5,2,2,3,2,4,4,2,3,1,4,4,2,3,2,2,2,2,4,4,3,4,4
"492",699,1,4,3,5,3,5,5,5,3,1,4,5,1,5,2,4,5,5,4,5,2,5,5,3,3,5,4,4,4,5,6,2,2,1
"493",700,1,5,1,2,1,5,4,4,1,2,1,1,1,1,1,2,3,1,2,1,1,1,1,1,1,2,1,1,1,2,4,3,4,5
"494",703,1,5,1,3,2,5,4,5,2,2,3,5,3,4,2,4,5,5,4,4,3,4,2,3,2,3,3,2,2,4,4,2,4,5
"495",707,4,5,4,3,2,5,4,4,1,4,4,3,3,4,3,2,4,4,3,3,3,3,2,3,3,2,2,2,3,5,5,3,2,2
"496",709,1,5,3,5,2,1,5,3,2,2,3,5,2,3,2,4,5,3,2,2,1,3,2,1,1,2,1,1,1,2,1,6,5,6
"497",711,3,4,2,4,2,4,4,3,2,1,2,3,1,4,2,1,3,2,1,2,3,2,1,1,2,2,1,2,3,4,4,2,3,4
"498",713,4,5,4,3,2,5,5,4,3,3,3,4,3,4,1,2,3,3,2,2,1,1,1,1,1,1,1,1,1,4,3,6,3,4
"499",717,2,1,1,4,1,3,4,4,1,2,3,4,2,4,2,1,3,2,1,2,1,1,1,1,2,1,1,1,1,5,4,3,3,5
"500",718,1,5,1,4,1,5,4,2,3,4,3,4,1,2,2,3,4,4,3,2,2,4,2,4,2,3,2,2,3,3,4,3,5,5
"501",719,2,5,2,4,2,5,4,5,1,4,3,4,2,5,2,2,4,3,3,3,2,3,2,2,3,2,2,2,2,4,5,2,2,4
"502",720,1,5,2,4,1,5,4,5,1,1,1,5,1,5,3,3,5,4,4,4,3,5,4,3,5,3,2,2,4,4,4,2,2,2
"503",722,1,4,2,4,2,2,4,2,1,2,3,2,1,1,1,2,3,3,2,1,1,2,1,1,1,1,1,1,1,4,4,4,3,5
"504",723,2,5,2,4,3,5,5,5,1,4,1,5,1,5,1,2,5,5,2,1,1,3,1,1,1,1,1,1,1,5,5,1,4,5
"505",724,2,5,2,5,1,4,5,4,2,1,3,3,2,4,2,3,5,4,3,2,1,3,3,4,2,3,3,2,2,4,6,2,3,4
"506",726,1,5,2,4,2,5,4,4,1,1,1,4,2,4,1,1,2,2,1,1,2,2,1,1,1,1,2,1,2,3,3,3,4,5
"507",727,4,5,3,4,1,5,5,5,3,3,1,5,4,5,2,4,3,4,3,2,2,4,2,4,4,3,3,2,3,4,3,4,2,5
"508",728,1,4,1,4,1,4,4,3,1,2,1,4,2,5,3,3,4,4,3,3,3,3,2,3,3,2,2,2,4,4,4,3,2,3
"509",729,3,5,2,5,1,4,5,5,2,4,4,5,1,4,1,1,3,1,1,1,1,1,1,1,1,1,2,3,3,3,4,3,4,3
"510",730,1,5,1,4,1,5,5,5,3,1,1,5,3,5,1,3,4,4,4,2,4,4,2,4,2,5,1,5,3,2,2,1,4,5
"511",732,2,5,1,5,1,3,4,2,1,3,4,5,1,1,4,3,5,4,4,4,2,3,4,3,3,4,4,3,4,3,4,3,3,5
"512",735,1,4,1,5,2,4,5,4,3,4,2,4,4,4,1,1,3,2,2,2,3,2,1,1,2,2,3,2,3,5,5,2,4,3
"513",736,2,5,2,2,1,2,5,5,1,1,3,5,1,5,2,3,2,3,1,2,3,2,1,1,1,1,1,1,2,2,4,3,5,5
"514",737,3,5,3,4,4,5,4,5,1,4,3,5,3,5,1,2,4,4,3,2,2,4,2,2,2,2,2,2,2,2,3,3,5,5
"515",739,2,4,2,4,1,5,4,5,2,1,3,5,2,5,1,3,3,4,2,1,1,2,1,2,1,1,1,1,1,3,4,2,5,5
"516",743,2,4,2,2,1,5,4,4,2,4,2,5,3,5,1,3,3,2,2,2,1,2,1,1,2,1,1,1,1,3,3,4,4,5
"517",745,2,4,3,3,2,5,5,5,2,3,2,4,2,5,1,1,5,4,1,1,1,4,1,1,1,2,2,2,3,3,5,2,4,5
"518",747,4,5,4,4,4,5,5,5,3,2,3,5,4,5,3,5,5,5,5,4,3,5,3,5,4,5,4,3,4,5,5,2,3,4
"519",748,2,4,2,5,3,4,5,5,1,2,4,4,1,5,2,4,4,4,2,2,3,3,2,2,3,4,3,3,2,4,6,1,3,4
"520",751,4,5,3,4,4,5,5,5,3,5,4,5,4,5,1,2,5,5,2,1,1,3,1,3,1,2,1,1,1,4,5,3,2,3
"521",752,1,4,1,4,1,5,5,4,1,1,3,4,1,4,1,2,5,2,2,2,1,1,1,1,1,1,1,1,1,4,4,5,4,5
"522",753,1,4,1,3,2,3,2,2,1,1,1,4,1,2,1,3,2,2,1,3,2,3,1,1,1,1,1,1,2,4,4,2,3,3
"523",755,2,4,2,2,2,1,4,4,2,1,1,4,1,4,2,3,4,3,2,4,4,2,2,2,2,2,1,1,4,3,4,4,4,5
"524",757,3,4,4,4,2,5,5,4,2,3,4,3,2,4,3,3,4,2,2,3,1,3,1,2,1,2,2,1,1,4,5,2,2,3
"525",758,1,2,1,1,2,4,4,2,1,2,2,2,1,4,2,3,4,4,2,3,2,3,2,2,2,1,3,1,3,4,3,5,4,5
"526",759,1,4,2,4,1,5,5,5,3,3,3,5,2,5,1,4,4,4,3,2,1,3,2,3,4,2,3,1,2,3,4,4,4,5
"527",760,2,4,3,4,3,4,4,4,4,4,2,4,3,4,1,1,3,2,2,1,1,1,1,1,1,2,1,1,1,3,4,3,4,5
"528",761,2,5,1,5,2,5,5,5,3,1,3,5,1,5,5,4,4,5,4,3,5,4,3,4,3,1,3,1,2,2,4,3,5,6
"529",762,1,4,1,4,2,5,4,2,2,2,2,4,1,4,2,2,3,2,2,2,2,2,1,2,2,2,3,2,2,4,3,3,3,5
"530",763,2,4,4,5,4,5,5,5,4,3,4,5,4,5,1,3,4,4,3,2,1,4,3,3,3,2,3,2,3,5,5,2,3,3
"531",765,3,4,3,5,3,4,5,5,3,3,3,4,2,4,1,1,3,3,1,1,1,4,1,2,1,3,2,1,1,5,5,2,4,5
"532",766,2,4,2,2,1,5,3,4,1,1,2,4,3,4,1,2,3,2,1,3,1,2,2,2,2,2,2,2,2,3,4,2,3,4
"533",767,1,3,2,4,1,5,4,4,1,1,1,4,1,4,2,3,4,3,2,2,1,1,2,1,2,3,2,2,2,2,2,4,5,6
"534",768,1,4,1,5,2,5,5,5,2,1,1,5,1,5,4,5,4,4,5,3,3,4,4,5,3,5,2,5,5,5,5,2,2,4
"535",771,2,4,2,4,1,5,4,4,1,2,1,4,3,4,3,4,4,4,3,3,3,3,3,3,3,3,3,3,2,4,4,5,5,5
"536",773,1,1,1,3,1,4,4,1,1,1,1,1,1,1,5,5,5,5,5,2,1,5,1,4,1,1,2,1,2,1,4,2,5,6
"537",774,2,5,3,4,1,5,5,4,2,3,2,4,2,4,1,3,4,4,1,2,1,3,2,2,2,1,2,1,2,5,3,1,3,4
"538",776,2,4,3,4,2,5,4,4,3,2,2,4,2,4,3,4,4,5,4,4,3,4,4,3,4,3,2,3,4,4,4,2,2,4
"539",777,4,4,4,4,4,4,4,4,4,4,4,4,4,4,2,3,4,3,3,2,1,2,1,1,1,2,1,2,2,5,5,4,2,2
"540",786,2,1,2,4,4,4,5,3,2,2,2,4,2,2,1,1,1,1,1,2,1,1,1,1,1,1,1,1,1,5,5,1,1,3
"541",788,4,4,5,4,4,5,5,5,3,5,3,5,3,5,1,1,2,3,1,1,1,1,1,1,1,2,2,1,1,3,3,2,4,5
"542",790,2,3,4,4,3,5,5,3,4,1,1,4,1,3,3,3,4,4,3,3,4,3,2,3,2,2,3,2,3,4,4,2,2,2
"543",792,1,3,3,2,1,4,4,4,1,1,1,4,2,5,1,1,4,3,2,1,1,2,1,1,1,1,1,1,1,5,5,2,2,3
"544",793,3,5,2,4,1,4,4,4,1,2,1,4,1,5,1,2,3,4,2,1,1,2,1,1,1,1,1,1,1,3,5,3,3,4
"545",797,2,5,3,5,2,5,5,5,1,1,1,4,4,5,2,4,4,4,3,2,2,4,2,3,3,1,3,1,2,5,4,4,4,5
"546",803,1,5,1,5,2,4,4,5,1,1,1,3,1,5,3,4,5,4,4,4,2,4,3,3,3,2,3,2,2,3,3,4,5,5
"547",807,1,2,1,3,1,1,4,4,1,1,1,1,1,1,2,3,4,2,1,1,1,1,1,1,1,1,2,2,1,2,5,3,6,6
"548",809,1,4,1,4,1,4,5,4,1,2,2,4,4,4,1,2,5,4,3,2,3,2,2,2,2,2,2,2,2,3,4,3,4,4
"549",810,1,2,1,4,2,3,5,2,3,2,2,4,3,5,2,2,5,4,1,2,2,3,2,2,2,2,3,1,1,2,4,1,4,6
"550",812,2,5,1,5,1,5,5,5,3,3,2,5,3,4,2,2,3,3,2,4,1,2,3,2,2,3,3,2,2,3,3,4,5,6
"551",814,1,4,2,3,2,5,4,4,3,2,3,3,1,2,1,2,3,3,2,1,1,1,1,1,1,1,1,1,1,5,4,2,3,4
"552",816,2,4,2,5,2,4,5,4,3,4,2,4,1,5,4,2,4,3,3,4,4,3,3,2,3,3,3,3,3,4,5,2,2,2
"553",819,2,5,3,5,2,5,5,5,2,4,4,5,4,5,1,2,4,4,4,1,1,3,1,4,1,3,2,1,2,4,4,5,4,4
"554",823,2,5,2,4,2,5,5,5,3,4,3,4,2,5,1,3,3,4,1,1,1,3,2,1,1,2,1,2,1,4,4,3,3,4
"555",824,1,4,2,4,1,4,4,4,2,2,2,4,2,4,2,3,4,3,2,2,3,3,3,2,2,1,2,1,2,3,3,4,3,5
"556",825,3,5,2,4,2,4,5,5,3,4,2,4,4,1,2,3,3,3,2,3,1,3,2,1,1,3,3,1,1,4,3,5,3,5
"557",829,2,5,4,5,5,5,5,5,3,5,5,5,5,5,2,4,5,5,3,3,1,3,3,2,2,4,2,1,2,5,5,1,2,2
"558",831,2,4,2,4,2,5,5,5,2,1,2,5,1,5,1,2,4,3,2,3,1,4,2,2,2,2,2,2,2,4,5,3,3,4
"559",832,2,1,2,4,2,5,5,5,3,1,3,5,3,4,2,3,5,5,3,2,2,4,2,4,2,3,3,3,2,5,5,1,1,2
"560",833,1,5,2,3,2,5,4,5,1,2,1,4,3,5,3,3,5,5,5,4,4,4,4,3,3,3,5,4,5,4,5,1,2,3
"561",834,4,5,4,5,4,5,5,5,2,3,5,5,5,5,3,5,5,5,5,3,2,5,3,5,3,3,3,3,4,3,5,2,3,4
"562",836,4,5,5,5,4,5,5,5,5,5,5,5,5,5,3,5,4,4,4,5,4,4,5,3,5,4,5,2,5,4,5,3,2,3
"563",837,1,3,2,3,1,4,4,3,1,1,2,4,2,5,2,4,3,4,2,3,3,4,2,2,2,3,2,3,2,4,5,1,2,4
"564",841,2,4,2,5,2,5,4,5,2,4,2,5,4,5,1,3,5,5,4,4,2,4,4,3,4,4,4,4,4,5,5,2,2,3
"565",842,2,5,2,5,2,5,5,5,1,3,4,4,2,5,1,3,3,5,3,1,1,3,1,3,1,1,1,2,2,3,3,2,2,4
"566",849,1,4,3,5,4,4,4,4,4,2,2,5,3,4,3,3,5,5,2,3,3,5,3,2,3,3,3,2,4,3,4,3,4,5
"567",850,2,4,2,4,2,4,4,4,2,3,2,4,2,4,1,2,3,3,2,1,1,2,1,1,1,2,1,1,2,3,3,4,4,5
"568",854,1,4,2,4,1,5,5,5,3,3,3,5,3,5,2,2,4,3,3,3,2,3,3,2,3,3,3,2,4,6,6,1,2,2
"569",855,1,2,4,5,2,5,5,4,2,2,3,5,2,5,2,4,4,4,3,3,2,3,3,2,3,4,4,3,2,3,4,3,3,4
"570",857,1,5,1,2,1,5,4,3,3,1,2,1,1,2,1,2,4,3,2,2,1,3,2,1,1,2,1,2,1,5,6,1,2,3
"571",858,2,5,2,5,2,5,5,5,1,4,2,5,2,5,4,5,5,5,4,4,3,5,4,5,4,3,3,2,4,4,5,3,4,4
"572",861,1,4,2,5,1,5,4,4,1,1,1,4,1,5,2,4,3,4,3,1,2,4,2,3,2,1,1,1,1,3,3,2,3,5
"573",862,2,4,2,3,1,4,4,4,1,2,2,5,2,2,1,3,4,4,2,2,2,3,1,2,1,2,2,2,1,3,4,3,4,5
"574",863,3,5,4,4,3,4,4,4,2,4,1,4,1,4,1,1,2,2,1,1,1,2,2,2,1,2,2,2,2,5,6,1,2,3
"575",866,4,5,3,4,3,5,5,5,2,5,2,4,5,5,4,3,5,5,3,3,3,4,3,2,4,3,3,3,4,4,5,2,3,3
"576",867,2,4,1,4,1,5,5,4,2,3,2,4,3,5,2,2,3,2,2,2,2,2,2,2,2,2,2,2,2,3,4,3,5,6
"577",868,1,5,2,4,1,5,4,4,1,1,1,4,1,5,2,4,5,4,3,3,2,4,2,3,2,3,3,2,2,3,5,2,3,5
"578",870,2,5,2,5,2,5,5,5,4,1,4,4,2,5,3,5,5,5,3,3,1,4,2,3,2,2,3,2,2,4,3,4,4,5
"579",872,2,5,3,4,2,5,5,5,2,4,3,4,3,5,1,3,4,4,2,3,1,3,2,3,2,1,2,1,1,4,5,2,3,5
"580",880,2,4,3,4,2,4,4,4,2,3,3,4,1,4,2,2,3,2,2,2,4,2,1,2,2,2,1,1,2,3,3,4,3,5
"581",884,1,5,1,5,1,5,5,5,1,4,2,5,3,5,1,2,5,3,1,3,1,2,2,1,2,3,2,2,1,6,5,2,1,2
"582",887,3,4,2,1,2,4,3,4,3,3,4,4,2,4,1,1,4,2,1,1,1,1,1,1,1,1,1,2,1,5,2,1,2,5
"583",893,2,4,1,3,1,5,5,4,1,3,3,5,2,4,4,4,4,4,4,4,4,4,4,3,4,4,3,2,4,5,5,2,1,3
"584",894,2,2,2,4,2,4,4,3,2,4,2,2,2,1,1,1,3,3,1,1,2,2,1,1,1,3,2,2,2,4,4,2,2,3
"585",899,2,4,3,4,3,5,4,5,2,3,2,4,4,5,3,4,5,5,4,4,5,4,4,3,4,2,5,2,3,4,4,2,3,2
"586",900,2,4,2,2,3,2,4,4,3,3,3,4,3,4,3,3,3,3,2,2,1,3,2,2,2,3,1,3,1,2,2,5,5,6
"587",901,2,2,2,4,2,4,4,2,2,1,1,2,2,4,1,2,3,2,3,1,1,2,1,1,1,3,2,1,2,4,4,2,5,6
"588",903,2,4,3,5,3,4,5,5,2,3,3,4,2,4,1,3,4,4,3,2,1,3,1,2,1,2,1,1,1,3,4,2,3,5
"589",914,2,2,2,2,2,4,4,3,3,1,2,3,2,2,2,4,5,4,2,4,2,4,4,2,4,3,5,2,5,2,5,2,4,5
"590",915,3,5,5,5,2,4,4,5,2,4,2,4,3,5,1,1,4,3,2,1,1,3,1,1,1,1,1,1,1,3,3,1,2,3
"591",918,3,5,4,4,4,5,5,5,5,4,4,5,4,5,2,2,5,3,3,4,2,3,3,2,2,1,2,1,1,3,3,5,4,5
"592",925,1,1,2,1,2,1,1,1,1,1,1,1,1,1,1,3,3,2,1,1,1,2,1,1,1,2,1,1,1,6,4,1,1,1
"593",926,4,5,3,5,3,4,4,4,3,4,3,4,3,5,3,1,4,4,2,2,1,2,1,1,2,2,2,2,2,4,5,1,3,4
"594",928,2,4,2,3,1,5,4,5,1,3,2,4,3,5,2,4,4,4,3,2,1,3,2,3,2,2,1,1,1,4,5,2,2,3
"595",929,2,5,3,5,2,5,5,5,4,2,2,5,2,5,3,4,5,4,4,3,3,4,3,4,3,3,3,3,4,5,5,1,2,2
"596",930,1,4,2,5,2,4,4,4,2,2,2,4,4,4,1,2,4,2,1,1,1,3,1,1,1,3,1,1,1,4,3,3,3,4
"597",931,2,4,1,4,2,3,4,3,3,2,2,5,3,4,2,1,3,3,1,2,2,2,1,1,1,2,2,1,1,4,4,4,3,4
"598",932,1,4,3,4,1,3,4,4,1,1,1,4,4,4,3,3,3,4,3,3,3,3,3,3,3,3,3,2,3,5,5,4,2,3
"599",933,1,4,2,5,3,4,5,3,1,4,2,4,1,2,3,2,3,3,2,1,3,3,1,1,2,2,1,2,2,3,4,4,3,5
"600",934,1,4,1,3,1,5,2,4,1,1,1,4,1,4,2,2,3,2,1,1,2,1,2,1,1,2,1,2,2,2,3,5,5,6
"601",938,2,5,4,4,2,5,5,4,2,2,2,4,2,5,3,4,5,5,4,4,2,4,4,3,3,4,4,4,3,5,6,1,2,2
"602",939,5,4,1,3,3,5,5,5,3,1,4,5,3,4,3,2,5,3,2,4,4,4,3,2,3,2,4,2,3,6,5,2,1,1
"603",940,1,4,2,5,2,5,5,5,1,3,3,5,5,5,4,4,5,5,3,3,3,4,3,3,3,4,4,4,4,6,5,2,1,1
"604",941,1,2,1,2,1,4,4,2,1,2,2,4,2,2,1,1,1,2,1,1,1,2,1,1,1,1,1,1,1,4,5,3,3,5
"605",943,1,2,2,5,2,2,4,4,1,1,4,3,2,4,1,3,4,4,2,1,1,3,1,2,1,1,1,1,1,5,5,1,1,2
"606",947,2,4,1,4,2,4,4,4,1,3,1,4,1,4,2,3,4,4,2,2,3,3,2,2,1,1,2,1,2,5,5,1,1,1
"607",948,2,4,2,2,1,4,4,4,1,3,2,5,2,5,1,1,3,3,3,1,2,3,1,2,1,2,2,2,1,5,5,3,3,2
"608",950,1,4,1,5,1,4,4,1,1,1,4,4,1,4,3,4,3,2,2,3,3,4,2,4,1,3,3,1,1,4,5,2,3,4
"609",951,1,5,2,4,1,3,5,5,1,1,1,5,1,5,2,2,4,2,1,1,2,2,2,2,3,3,3,2,2,4,6,2,3,3
"610",952,4,4,2,4,1,5,4,4,1,2,2,4,1,4,1,3,5,2,1,1,1,2,1,1,1,2,1,1,1,4,5,2,1,3
"611",956,3,5,3,4,3,5,5,5,3,3,3,5,1,5,2,4,5,3,3,3,2,4,3,3,2,2,2,3,2,2,3,4,4,5
"612",963,4,3,4,4,3,5,4,4,3,4,4,4,3,5,1,1,3,4,3,2,1,2,1,1,2,3,3,1,1,4,4,2,3,3
"613",964,1,5,2,4,1,5,4,4,1,1,1,5,1,4,3,4,4,5,2,2,2,4,1,2,1,2,3,2,5,4,6,2,3,4
"614",967,1,4,2,4,3,5,4,4,2,1,2,4,2,4,2,4,3,4,3,2,2,3,2,2,2,2,2,1,1,3,4,2,3,4
"615",970,2,4,4,4,3,5,5,5,4,3,4,5,3,4,3,3,4,4,3,2,3,4,2,2,1,2,3,1,2,5,4,3,2,3
"616",972,4,5,3,4,3,5,5,5,3,3,4,4,3,5,1,1,3,2,2,2,1,1,1,1,1,2,1,2,3,5,5,1,1,1
"617",973,2,1,3,3,2,5,4,4,2,2,2,4,1,4,3,4,4,3,3,3,2,3,2,2,2,3,1,2,1,6,5,1,1,1
"618",976,2,4,2,4,1,5,5,5,2,4,3,4,2,4,3,4,4,4,2,3,2,4,2,3,2,2,3,2,3,5,5,1,1,1
"619",977,2,4,2,4,1,5,5,5,1,4,3,4,1,4,3,2,2,3,2,3,3,2,3,1,2,2,2,1,3,2,2,3,4,5
"620",979,2,5,2,5,1,5,5,5,2,4,2,5,3,5,1,1,5,3,2,5,2,3,2,2,3,1,1,1,1,5,5,2,3,4
"621",985,2,4,1,3,1,4,4,3,1,1,1,3,1,3,3,3,5,5,4,3,3,4,3,4,3,2,2,1,2,3,4,4,5,5
"622",986,2,5,2,5,2,4,5,4,3,4,3,5,3,4,1,2,4,4,2,3,3,4,3,1,2,2,2,2,3,3,4,2,4,5
"623",987,1,5,2,4,1,4,5,5,1,1,3,5,1,4,2,3,5,5,4,2,1,3,2,3,2,2,1,1,2,4,4,2,2,5
"624",988,3,4,2,5,1,5,5,5,1,3,1,5,1,5,2,3,4,4,1,2,2,2,2,2,2,2,2,2,2,5,4,2,2,6
"625",992,3,2,3,3,3,4,3,3,2,2,4,3,2,4,1,2,3,3,1,2,1,1,3,2,3,3,1,2,2,5,4,2,3,4
"626",999,2,3,4,4,2,5,4,5,1,3,3,5,3,5,3,4,5,5,4,2,3,4,2,3,3,2,3,1,1,3,3,3,4,5
"627",1000,2,5,3,4,2,5,5,5,2,3,2,4,2,5,2,2,4,4,2,3,1,2,3,2,3,2,2,2,3,4,5,2,3,4
"628",1002,3,4,2,4,3,4,4,4,3,4,4,4,4,4,1,2,4,3,3,3,2,3,4,3,4,3,3,2,3,4,6,1,4,5
"629",1003,1,5,1,5,1,5,5,5,1,3,3,5,1,5,2,3,2,2,2,2,2,2,3,2,2,1,2,1,2,1,2,2,4,5
"630",1004,2,3,2,2,2,3,5,4,2,4,3,4,2,3,1,1,3,2,1,1,1,1,1,1,1,2,1,3,1,5,6,2,3,5
"631",1005,1,4,3,5,1,5,4,4,1,2,2,4,1,5,1,3,4,3,3,1,2,2,1,1,1,2,2,2,2,3,4,2,3,3
"632",1006,2,4,3,4,2,4,4,4,2,2,2,4,4,4,1,1,2,1,3,2,1,1,1,1,1,1,1,1,1,2,2,4,4,4
"633",1007,4,4,3,3,3,5,4,4,2,2,2,4,1,4,3,3,5,5,3,2,1,3,2,2,3,2,1,1,2,4,3,5,3,5
"634",22,4,4,3,3,2,3,3,3,2,2,2,4,2,2,1,1,3,2,1,1,1,2,1,1,1,2,2,2,1,5,4,3,3,4
"635",34,2,4,1,4,1,4,4,3,1,1,2,4,1,3,2,3,3,3,2,2,1,1,2,2,2,3,2,1,1,4,4,3,5,6
"636",283,4,4,3,4,2,4,5,4,2,3,2,4,3,4,2,2,3,3,2,1,2,1,1,2,3,2,1,2,2,3,4,2,2,4
"637",475,2,5,2,4,4,4,4,4,4,2,4,5,5,4,2,3,4,3,3,3,1,3,3,2,4,4,3,3,5,4,5,1,3,4
"638",882,1,5,1,4,1,4,4,4,1,1,1,1,1,4,1,2,4,4,1,1,1,2,1,1,1,1,1,1,1,4,5,5,4,6
